,activity,activity_vocab,caseid,amount,resource,resource_vocab,Predicted_vocab,Predicted_value
8326,"[2, 12, 9, 10, 20, 22]","['<SOS>', 'A_SUBMITTED_COMPLETE', 'A_PARTLYSUBMITTED_COMPLETE', 'A_PREACCEPTED_COMPLETE', 'W_Afhandelen leads_COMPLETE', 'W_Completeren aanvraag_COMPLETE']",199609,20000.0,"[70, 53, 53, 25, 25, 44]","['<SOS>', '112', '112', '10929', '10929', '11119']",W_Completeren aanvraag_COMPLETE,0.6618854403495789
9317,"[2, 12, 9, 10]","['<SOS>', 'A_SUBMITTED_COMPLETE', 'A_PARTLYSUBMITTED_COMPLETE', 'A_PREACCEPTED_COMPLETE']",202731,20000.0,"[70, 53, 53, 53]","['<SOS>', '112', '112', '112']",W_Completeren aanvraag_COMPLETE,0.5618182420730591
10792,"[2, 12, 9, 10, 22, 22]","['<SOS>', 'A_SUBMITTED_COMPLETE', 'A_PARTLYSUBMITTED_COMPLETE', 'A_PREACCEPTED_COMPLETE', 'W_Completeren aanvraag_COMPLETE', 'W_Completeren aanvraag_COMPLETE']",207328,20000.0,"[70, 53, 53, 53, 13, 48]","['<SOS>', '112', '112', '112', '10861', '11169']",W_Completeren aanvraag_COMPLETE,0.734343945980072
4966,"[2, 12, 9, 10]","['<SOS>', 'A_SUBMITTED_COMPLETE', 'A_PARTLYSUBMITTED_COMPLETE', 'A_PREACCEPTED_COMPLETE']",189169,20000.0,"[70, 53, 53, 53]","['<SOS>', '112', '112', '112']",W_Completeren aanvraag_COMPLETE,0.5618182420730591
10076,"[2, 12, 9, 10]","['<SOS>', 'A_SUBMITTED_COMPLETE', 'A_PARTLYSUBMITTED_COMPLETE', 'A_PREACCEPTED_COMPLETE']",205080,20000.0,"[70, 53, 53, 53]","['<SOS>', '112', '112', '112']",W_Completeren aanvraag_COMPLETE,0.5618182420730591
12562,"[2, 12, 9, 10]","['<SOS>', 'A_SUBMITTED_COMPLETE', 'A_PARTLYSUBMITTED_COMPLETE', 'A_PREACCEPTED_COMPLETE']",212764,20000.0,"[70, 53, 53, 53]","['<SOS>', '112', '112', '112']",W_Completeren aanvraag_COMPLETE,0.5618182420730591
7328,"[2, 12, 9, 10]","['<SOS>', 'A_SUBMITTED_COMPLETE', 'A_PARTLYSUBMITTED_COMPLETE', 'A_PREACCEPTED_COMPLETE']",196524,20000.0,"[70, 53, 53, 53]","['<SOS>', '112', '112', '112']",W_Completeren aanvraag_COMPLETE,0.5618182420730591
5526,"[2, 12, 9, 10, 20, 22]","['<SOS>', 'A_SUBMITTED_COMPLETE', 'A_PARTLYSUBMITTED_COMPLETE', 'A_PREACCEPTED_COMPLETE', 'W_Afhandelen leads_COMPLETE', 'W_Completeren aanvraag_COMPLETE']",190914,20000.0,"[70, 53, 53, 14, 71, 25]","['<SOS>', '112', '112', '10862', 'UNKNOWN', '10929']",W_Completeren aanvraag_COMPLETE,0.752566397190094
4937,"[2, 12, 9, 10]","['<SOS>', 'A_SUBMITTED_COMPLETE', 'A_PARTLYSUBMITTED_COMPLETE', 'A_PREACCEPTED_COMPLETE']",189082,20000.0,"[70, 53, 53, 53]","['<SOS>', '112', '112', '112']",W_Completeren aanvraag_COMPLETE,0.5618182420730591
1196,"[2, 12, 9, 10, 20, 22, 22, 22, 22]","['<SOS>', 'A_SUBMITTED_COMPLETE', 'A_PARTLYSUBMITTED_COMPLETE', 'A_PREACCEPTED_COMPLETE', 'W_Afhandelen leads_COMPLETE', 'W_Completeren aanvraag_COMPLETE', 'W_Completeren aanvraag_COMPLETE', 'W_Completeren aanvraag_COMPLETE', 'W_Completeren aanvraag_COMPLETE']",177456,20000.0,"[70, 53, 53, 17, 17, 17, 50, 50, 50]","['<SOS>', '112', '112', '10881', '10881', '10881', '11180', '11180', '11180']",W_Completeren aanvraag_COMPLETE,0.7700093984603882
5958,"[2, 12, 9, 10]","['<SOS>', 'A_SUBMITTED_COMPLETE', 'A_PARTLYSUBMITTED_COMPLETE', 'A_PREACCEPTED_COMPLETE']",192256,20000.0,"[70, 53, 53, 53]","['<SOS>', '112', '112', '112']",W_Completeren aanvraag_COMPLETE,0.5618182420730591
8038,"[2, 12, 9, 10, 22, 22]","['<SOS>', 'A_SUBMITTED_COMPLETE', 'A_PARTLYSUBMITTED_COMPLETE', 'A_PREACCEPTED_COMPLETE', 'W_Completeren aanvraag_COMPLETE', 'W_Completeren aanvraag_COMPLETE']",198720,20000.0,"[70, 53, 53, 53, 25, 25]","['<SOS>', '112', '112', '112', '10929', '10929']",W_Completeren aanvraag_COMPLETE,0.6866291761398315
12424,"[2, 12, 9, 10, 22]","['<SOS>', 'A_SUBMITTED_COMPLETE', 'A_PARTLYSUBMITTED_COMPLETE', 'A_PREACCEPTED_COMPLETE', 'W_Completeren aanvraag_COMPLETE']",212349,20000.0,"[70, 53, 53, 53, 51]","['<SOS>', '112', '112', '112', '11181']",W_Completeren aanvraag_COMPLETE,0.7297942638397217
10293,"[2, 12, 9, 10]","['<SOS>', 'A_SUBMITTED_COMPLETE', 'A_PARTLYSUBMITTED_COMPLETE', 'A_PREACCEPTED_COMPLETE']",205766,20000.0,"[70, 53, 53, 53]","['<SOS>', '112', '112', '112']",W_Completeren aanvraag_COMPLETE,0.5618182420730591
6597,"[2, 12, 9, 10]","['<SOS>', 'A_SUBMITTED_COMPLETE', 'A_PARTLYSUBMITTED_COMPLETE', 'A_PREACCEPTED_COMPLETE']",194224,20000.0,"[70, 53, 53, 53]","['<SOS>', '112', '112', '112']",W_Completeren aanvraag_COMPLETE,0.5618182420730591
12950,"[2, 12, 9, 10, 22]","['<SOS>', 'A_SUBMITTED_COMPLETE', 'A_PARTLYSUBMITTED_COMPLETE', 'A_PREACCEPTED_COMPLETE', 'W_Completeren aanvraag_COMPLETE']",213963,20000.0,"[70, 53, 53, 53, 63]","['<SOS>', '112', '112', '112', '11300']",W_Completeren aanvraag_COMPLETE,0.4745121896266937
10781,"[2, 12, 9, 10, 22]","['<SOS>', 'A_SUBMITTED_COMPLETE', 'A_PARTLYSUBMITTED_COMPLETE', 'A_PREACCEPTED_COMPLETE', 'W_Completeren aanvraag_COMPLETE']",207281,20000.0,"[70, 53, 53, 53, 13]","['<SOS>', '112', '112', '112', '10861']",W_Completeren aanvraag_COMPLETE,0.6615653038024902
12803,"[2, 12, 9, 10, 22]","['<SOS>', 'A_SUBMITTED_COMPLETE', 'A_PARTLYSUBMITTED_COMPLETE', 'A_PREACCEPTED_COMPLETE', 'W_Completeren aanvraag_COMPLETE']",213501,20000.0,"[70, 53, 53, 53, 33]","['<SOS>', '112', '112', '112', '10982']",W_Completeren aanvraag_COMPLETE,0.6226348280906677
3971,"[2, 12, 9, 10, 22]","['<SOS>', 'A_SUBMITTED_COMPLETE', 'A_PARTLYSUBMITTED_COMPLETE', 'A_PREACCEPTED_COMPLETE', 'W_Completeren aanvraag_COMPLETE']",186059,20000.0,"[70, 53, 53, 53, 71]","['<SOS>', '112', '112', '112', 'UNKNOWN']",W_Completeren aanvraag_COMPLETE,0.6729100942611694
9778,"[2, 12, 9, 10, 20]","['<SOS>', 'A_SUBMITTED_COMPLETE', 'A_PARTLYSUBMITTED_COMPLETE', 'A_PREACCEPTED_COMPLETE', 'W_Afhandelen leads_COMPLETE']",204161,20000.0,"[70, 53, 53, 34, 34]","['<SOS>', '112', '112', '11000', '11000']",W_Completeren aanvraag_COMPLETE,0.5717055797576904
2015,"[2, 12, 9, 10, 20]","['<SOS>', 'A_SUBMITTED_COMPLETE', 'A_PARTLYSUBMITTED_COMPLETE', 'A_PREACCEPTED_COMPLETE', 'W_Afhandelen leads_COMPLETE']",180034,20000.0,"[70, 53, 53, 15, 15]","['<SOS>', '112', '112', '10863', '10863']",W_Completeren aanvraag_COMPLETE,0.6157155632972717
8113,"[2, 12, 9, 10, 22, 22, 22, 22, 22]","['<SOS>', 'A_SUBMITTED_COMPLETE', 'A_PARTLYSUBMITTED_COMPLETE', 'A_PREACCEPTED_COMPLETE', 'W_Completeren aanvraag_COMPLETE', 'W_Completeren aanvraag_COMPLETE', 'W_Completeren aanvraag_COMPLETE', 'W_Completeren aanvraag_COMPLETE', 'W_Completeren aanvraag_COMPLETE']",198945,20000.0,"[70, 53, 53, 53, 51, 51, 37, 17, 17]","['<SOS>', '112', '112', '112', '11181', '11181', '11003', '10881', '10881']",W_Completeren aanvraag_COMPLETE,0.6190062165260315
10902,"[2, 12, 9, 10, 20]","['<SOS>', 'A_SUBMITTED_COMPLETE', 'A_PARTLYSUBMITTED_COMPLETE', 'A_PREACCEPTED_COMPLETE', 'W_Afhandelen leads_COMPLETE']",207674,20000.0,"[70, 53, 53, 34, 34]","['<SOS>', '112', '112', '11000', '11000']",W_Completeren aanvraag_COMPLETE,0.5717055797576904
2510,"[2, 12, 9, 10, 22, 22]","['<SOS>', 'A_SUBMITTED_COMPLETE', 'A_PARTLYSUBMITTED_COMPLETE', 'A_PREACCEPTED_COMPLETE', 'W_Completeren aanvraag_COMPLETE', 'W_Completeren aanvraag_COMPLETE']",181568,20000.0,"[70, 53, 53, 53, 13, 51]","['<SOS>', '112', '112', '112', '10861', '11181']",W_Completeren aanvraag_COMPLETE,0.7368937730789185
5798,"[2, 12, 9, 10, 22, 22]","['<SOS>', 'A_SUBMITTED_COMPLETE', 'A_PARTLYSUBMITTED_COMPLETE', 'A_PREACCEPTED_COMPLETE', 'W_Completeren aanvraag_COMPLETE', 'W_Completeren aanvraag_COMPLETE']",191749,20000.0,"[70, 53, 53, 53, 51, 49]","['<SOS>', '112', '112', '112', '11181', '11179']",W_Completeren aanvraag_COMPLETE,0.7559338808059692
2893,"[2, 12, 9, 10]","['<SOS>', 'A_SUBMITTED_COMPLETE', 'A_PARTLYSUBMITTED_COMPLETE', 'A_PREACCEPTED_COMPLETE']",182741,20000.0,"[70, 53, 53, 53]","['<SOS>', '112', '112', '112']",W_Completeren aanvraag_COMPLETE,0.5618182420730591
1927,"[2, 12, 9, 10, 22, 22]","['<SOS>', 'A_SUBMITTED_COMPLETE', 'A_PARTLYSUBMITTED_COMPLETE', 'A_PREACCEPTED_COMPLETE', 'W_Completeren aanvraag_COMPLETE', 'W_Completeren aanvraag_COMPLETE']",179757,20000.0,"[70, 53, 53, 53, 30, 13]","['<SOS>', '112', '112', '112', '10939', '10861']",W_Completeren aanvraag_COMPLETE,0.7242563366889954
5192,"[2, 12, 9, 10]","['<SOS>', 'A_SUBMITTED_COMPLETE', 'A_PARTLYSUBMITTED_COMPLETE', 'A_PREACCEPTED_COMPLETE']",189859,20000.0,"[70, 53, 53, 53]","['<SOS>', '112', '112', '112']",W_Completeren aanvraag_COMPLETE,0.5618182420730591
2807,"[2, 12, 9, 10]","['<SOS>', 'A_SUBMITTED_COMPLETE', 'A_PARTLYSUBMITTED_COMPLETE', 'A_PREACCEPTED_COMPLETE']",182476,20000.0,"[70, 53, 53, 53]","['<SOS>', '112', '112', '112']",W_Completeren aanvraag_COMPLETE,0.5618182420730591
2853,"[2, 12, 9, 10, 20, 22, 22, 22, 22, 22, 22, 22, 22, 22]","['<SOS>', 'A_SUBMITTED_COMPLETE', 'A_PARTLYSUBMITTED_COMPLETE', 'A_PREACCEPTED_COMPLETE', 'W_Afhandelen leads_COMPLETE', 'W_Completeren aanvraag_COMPLETE', 'W_Completeren aanvraag_COMPLETE', 'W_Completeren aanvraag_COMPLETE', 'W_Completeren aanvraag_COMPLETE', 'W_Completeren aanvraag_COMPLETE', 'W_Completeren aanvraag_COMPLETE', 'W_Completeren aanvraag_COMPLETE', 'W_Completeren aanvraag_COMPLETE', 'W_Completeren aanvraag_COMPLETE']",182614,20000.0,"[70, 53, 53, 5, 5, 71, 47, 33, 10, 33, 52, 71, 71, 48]","['<SOS>', '112', '112', '10228', '10228', 'UNKNOWN', '11122', '10982', '10809', '10982', '11189', 'UNKNOWN', 'UNKNOWN', '11169']",W_Completeren aanvraag_COMPLETE,0.9395095109939575
12484,"[2, 12, 9, 10, 22, 22, 22, 22, 22, 22, 22, 22]","['<SOS>', 'A_SUBMITTED_COMPLETE', 'A_PARTLYSUBMITTED_COMPLETE', 'A_PREACCEPTED_COMPLETE', 'W_Completeren aanvraag_COMPLETE', 'W_Completeren aanvraag_COMPLETE', 'W_Completeren aanvraag_COMPLETE', 'W_Completeren aanvraag_COMPLETE', 'W_Completeren aanvraag_COMPLETE', 'W_Completeren aanvraag_COMPLETE', 'W_Completeren aanvraag_COMPLETE', 'W_Completeren aanvraag_COMPLETE']",212530,20000.0,"[70, 53, 53, 53, 63, 22, 18, 27, 50, 48, 13, 13]","['<SOS>', '112', '112', '112', '11300', '10912', '10889', '10932', '11180', '11169', '10861', '10861']",W_Completeren aanvraag_COMPLETE,0.8886516094207764
1147,"[2, 12, 9, 10, 22]","['<SOS>', 'A_SUBMITTED_COMPLETE', 'A_PARTLYSUBMITTED_COMPLETE', 'A_PREACCEPTED_COMPLETE', 'W_Completeren aanvraag_COMPLETE']",177293,20000.0,"[70, 53, 53, 53, 55]","['<SOS>', '112', '112', '112', '11201']",W_Completeren aanvraag_COMPLETE,0.6583795547485352
5207,"[2, 12, 9, 10, 22, 22, 22]","['<SOS>', 'A_SUBMITTED_COMPLETE', 'A_PARTLYSUBMITTED_COMPLETE', 'A_PREACCEPTED_COMPLETE', 'W_Completeren aanvraag_COMPLETE', 'W_Completeren aanvraag_COMPLETE', 'W_Completeren aanvraag_COMPLETE']",189904,20000.0,"[70, 53, 53, 53, 33, 71, 71]","['<SOS>', '112', '112', '112', '10982', 'UNKNOWN', 'UNKNOWN']",W_Completeren aanvraag_COMPLETE,0.6502761840820312
1546,"[2, 12, 9, 10]","['<SOS>', 'A_SUBMITTED_COMPLETE', 'A_PARTLYSUBMITTED_COMPLETE', 'A_PREACCEPTED_COMPLETE']",178557,20000.0,"[70, 53, 53, 53]","['<SOS>', '112', '112', '112']",W_Completeren aanvraag_COMPLETE,0.5618182420730591
7524,"[2, 12, 9, 10, 20, 22]","['<SOS>', 'A_SUBMITTED_COMPLETE', 'A_PARTLYSUBMITTED_COMPLETE', 'A_PREACCEPTED_COMPLETE', 'W_Afhandelen leads_COMPLETE', 'W_Completeren aanvraag_COMPLETE']",197144,20000.0,"[70, 53, 53, 21, 21, 46]","['<SOS>', '112', '112', '10910', '10910', '11121']",W_Completeren aanvraag_COMPLETE,0.7799994945526123
6818,"[2, 12, 9, 10]","['<SOS>', 'A_SUBMITTED_COMPLETE', 'A_PARTLYSUBMITTED_COMPLETE', 'A_PREACCEPTED_COMPLETE']",194943,20000.0,"[70, 53, 53, 53]","['<SOS>', '112', '112', '112']",W_Completeren aanvraag_COMPLETE,0.5618182420730591
3807,"[2, 12, 9, 10]","['<SOS>', 'A_SUBMITTED_COMPLETE', 'A_PARTLYSUBMITTED_COMPLETE', 'A_PREACCEPTED_COMPLETE']",185560,20000.0,"[70, 53, 53, 53]","['<SOS>', '112', '112', '112']",W_Completeren aanvraag_COMPLETE,0.5618182420730591
3547,"[2, 12, 9, 10, 22]","['<SOS>', 'A_SUBMITTED_COMPLETE', 'A_PARTLYSUBMITTED_COMPLETE', 'A_PREACCEPTED_COMPLETE', 'W_Completeren aanvraag_COMPLETE']",184751,20000.0,"[70, 53, 53, 53, 23]","['<SOS>', '112', '112', '112', '10913']",W_Completeren aanvraag_COMPLETE,0.6232882738113403
9097,"[2, 12, 9, 10, 20, 22, 22, 22]","['<SOS>', 'A_SUBMITTED_COMPLETE', 'A_PARTLYSUBMITTED_COMPLETE', 'A_PREACCEPTED_COMPLETE', 'W_Afhandelen leads_COMPLETE', 'W_Completeren aanvraag_COMPLETE', 'W_Completeren aanvraag_COMPLETE', 'W_Completeren aanvraag_COMPLETE']",202038,20000.0,"[70, 53, 53, 27, 27, 47, 13, 71]","['<SOS>', '112', '112', '10932', '10932', '11122', '10861', 'UNKNOWN']",W_Completeren aanvraag_COMPLETE,0.7564395666122437
1307,"[2, 12, 9, 10]","['<SOS>', 'A_SUBMITTED_COMPLETE', 'A_PARTLYSUBMITTED_COMPLETE', 'A_PREACCEPTED_COMPLETE']",177800,20000.0,"[70, 53, 53, 53]","['<SOS>', '112', '112', '112']",W_Completeren aanvraag_COMPLETE,0.5618182420730591
8793,"[2, 12, 9, 10, 22]","['<SOS>', 'A_SUBMITTED_COMPLETE', 'A_PARTLYSUBMITTED_COMPLETE', 'A_PREACCEPTED_COMPLETE', 'W_Completeren aanvraag_COMPLETE']",201072,20000.0,"[70, 53, 53, 53, 18]","['<SOS>', '112', '112', '112', '10889']",W_Completeren aanvraag_COMPLETE,0.6510869264602661
10131,"[2, 12, 9, 10]","['<SOS>', 'A_SUBMITTED_COMPLETE', 'A_PARTLYSUBMITTED_COMPLETE', 'A_PREACCEPTED_COMPLETE']",205259,20000.0,"[70, 53, 53, 53]","['<SOS>', '112', '112', '112']",W_Completeren aanvraag_COMPLETE,0.5618182420730591
11992,"[2, 12, 9, 10, 22]","['<SOS>', 'A_SUBMITTED_COMPLETE', 'A_PARTLYSUBMITTED_COMPLETE', 'A_PREACCEPTED_COMPLETE', 'W_Completeren aanvraag_COMPLETE']",211029,20000.0,"[70, 53, 53, 53, 20]","['<SOS>', '112', '112', '112', '10909']",W_Completeren aanvraag_COMPLETE,0.7402768731117249
2547,"[2, 12, 9, 10]","['<SOS>', 'A_SUBMITTED_COMPLETE', 'A_PARTLYSUBMITTED_COMPLETE', 'A_PREACCEPTED_COMPLETE']",181679,20000.0,"[70, 53, 53, 53]","['<SOS>', '112', '112', '112']",W_Completeren aanvraag_COMPLETE,0.5618182420730591
12327,"[2, 12, 9, 10, 22, 22, 22, 22]","['<SOS>', 'A_SUBMITTED_COMPLETE', 'A_PARTLYSUBMITTED_COMPLETE', 'A_PREACCEPTED_COMPLETE', 'W_Completeren aanvraag_COMPLETE', 'W_Completeren aanvraag_COMPLETE', 'W_Completeren aanvraag_COMPLETE', 'W_Completeren aanvraag_COMPLETE']",212058,20000.0,"[70, 53, 53, 53, 26, 64, 46, 64]","['<SOS>', '112', '112', '112', '10931', '11302', '11121', '11302']",W_Completeren aanvraag_COMPLETE,0.8323326706886292
10779,"[2, 12, 9, 10]","['<SOS>', 'A_SUBMITTED_COMPLETE', 'A_PARTLYSUBMITTED_COMPLETE', 'A_PREACCEPTED_COMPLETE']",207275,20000.0,"[70, 53, 53, 53]","['<SOS>', '112', '112', '112']",W_Completeren aanvraag_COMPLETE,0.5618182420730591
11690,"[2, 12, 9, 10, 20]","['<SOS>', 'A_SUBMITTED_COMPLETE', 'A_PARTLYSUBMITTED_COMPLETE', 'A_PREACCEPTED_COMPLETE', 'W_Afhandelen leads_COMPLETE']",210119,20000.0,"[70, 53, 53, 37, 37]","['<SOS>', '112', '112', '11003', '11003']",W_Completeren aanvraag_COMPLETE,0.62355637550354
3349,"[2, 12, 9, 10, 20, 22, 22, 22]","['<SOS>', 'A_SUBMITTED_COMPLETE', 'A_PARTLYSUBMITTED_COMPLETE', 'A_PREACCEPTED_COMPLETE', 'W_Afhandelen leads_COMPLETE', 'W_Completeren aanvraag_COMPLETE', 'W_Completeren aanvraag_COMPLETE', 'W_Completeren aanvraag_COMPLETE']",184153,20000.0,"[70, 53, 53, 5, 5, 55, 55, 55]","['<SOS>', '112', '112', '10228', '10228', '11201', '11201', '11201']",W_Completeren aanvraag_COMPLETE,0.7820183634757996
12867,"[2, 12, 9, 10]","['<SOS>', 'A_SUBMITTED_COMPLETE', 'A_PARTLYSUBMITTED_COMPLETE', 'A_PREACCEPTED_COMPLETE']",213714,20000.0,"[70, 53, 53, 53]","['<SOS>', '112', '112', '112']",W_Completeren aanvraag_COMPLETE,0.5618182420730591
8190,"[2, 12, 9, 10, 20]","['<SOS>', 'A_SUBMITTED_COMPLETE', 'A_PARTLYSUBMITTED_COMPLETE', 'A_PREACCEPTED_COMPLETE', 'W_Afhandelen leads_COMPLETE']",199183,20000.0,"[70, 53, 53, 7, 7]","['<SOS>', '112', '112', '10629', '10629']",A_ACCEPTED_COMPLETE,0.4379449486732483
12387,"[2, 12, 9, 10]","['<SOS>', 'A_SUBMITTED_COMPLETE', 'A_PARTLYSUBMITTED_COMPLETE', 'A_PREACCEPTED_COMPLETE']",212238,20000.0,"[70, 53, 53, 53]","['<SOS>', '112', '112', '112']",W_Completeren aanvraag_COMPLETE,0.5618182420730591
10543,"[2, 12, 9, 10, 22, 22, 22]","['<SOS>', 'A_SUBMITTED_COMPLETE', 'A_PARTLYSUBMITTED_COMPLETE', 'A_PREACCEPTED_COMPLETE', 'W_Completeren aanvraag_COMPLETE', 'W_Completeren aanvraag_COMPLETE', 'W_Completeren aanvraag_COMPLETE']",206546,20000.0,"[70, 53, 53, 53, 49, 71, 57]","['<SOS>', '112', '112', '112', '11179', 'UNKNOWN', '11203']",W_Completeren aanvraag_COMPLETE,0.7274647355079651
12593,"[2, 12, 9, 10]","['<SOS>', 'A_SUBMITTED_COMPLETE', 'A_PARTLYSUBMITTED_COMPLETE', 'A_PREACCEPTED_COMPLETE']",212857,20000.0,"[70, 53, 53, 53]","['<SOS>', '112', '112', '112']",W_Completeren aanvraag_COMPLETE,0.5618182420730591
11659,"[2, 12, 9, 10, 20, 22, 22, 22]","['<SOS>', 'A_SUBMITTED_COMPLETE', 'A_PARTLYSUBMITTED_COMPLETE', 'A_PREACCEPTED_COMPLETE', 'W_Afhandelen leads_COMPLETE', 'W_Completeren aanvraag_COMPLETE', 'W_Completeren aanvraag_COMPLETE', 'W_Completeren aanvraag_COMPLETE']",210026,20000.0,"[70, 53, 53, 37, 37, 44, 37, 28]","['<SOS>', '112', '112', '11003', '11003', '11119', '11003', '10933']",W_Completeren aanvraag_COMPLETE,0.8657516241073608
2940,"[2, 12, 9, 10]","['<SOS>', 'A_SUBMITTED_COMPLETE', 'A_PARTLYSUBMITTED_COMPLETE', 'A_PREACCEPTED_COMPLETE']",182882,20000.0,"[70, 53, 53, 53]","['<SOS>', '112', '112', '112']",W_Completeren aanvraag_COMPLETE,0.5618182420730591
4752,"[2, 12, 9, 10, 20]","['<SOS>', 'A_SUBMITTED_COMPLETE', 'A_PARTLYSUBMITTED_COMPLETE', 'A_PREACCEPTED_COMPLETE', 'W_Afhandelen leads_COMPLETE']",188476,20000.0,"[70, 53, 53, 21, 21]","['<SOS>', '112', '112', '10910', '10910']",W_Completeren aanvraag_COMPLETE,0.6390384435653687
5342,"[2, 12, 9, 10, 22, 22]","['<SOS>', 'A_SUBMITTED_COMPLETE', 'A_PARTLYSUBMITTED_COMPLETE', 'A_PREACCEPTED_COMPLETE', 'W_Completeren aanvraag_COMPLETE', 'W_Completeren aanvraag_COMPLETE']",190354,20000.0,"[70, 53, 53, 53, 21, 21]","['<SOS>', '112', '112', '112', '10910', '10910']",W_Completeren aanvraag_COMPLETE,0.7466844916343689
12216,"[2, 12, 9, 10, 22, 22, 22, 22, 22, 22, 22, 22, 22]","['<SOS>', 'A_SUBMITTED_COMPLETE', 'A_PARTLYSUBMITTED_COMPLETE', 'A_PREACCEPTED_COMPLETE', 'W_Completeren aanvraag_COMPLETE', 'W_Completeren aanvraag_COMPLETE', 'W_Completeren aanvraag_COMPLETE', 'W_Completeren aanvraag_COMPLETE', 'W_Completeren aanvraag_COMPLETE', 'W_Completeren aanvraag_COMPLETE', 'W_Completeren aanvraag_COMPLETE', 'W_Completeren aanvraag_COMPLETE', 'W_Completeren aanvraag_COMPLETE']",211712,20000.0,"[70, 53, 53, 53, 15, 37, 49, 55, 49, 55, 46, 28, 47]","['<SOS>', '112', '112', '112', '10863', '11003', '11179', '11201', '11179', '11201', '11121', '10933', '11122']",W_Completeren aanvraag_COMPLETE,0.8933905959129333
9988,"[2, 12, 9, 10, 20, 22]","['<SOS>', 'A_SUBMITTED_COMPLETE', 'A_PARTLYSUBMITTED_COMPLETE', 'A_PREACCEPTED_COMPLETE', 'W_Afhandelen leads_COMPLETE', 'W_Completeren aanvraag_COMPLETE']",204808,20000.0,"[70, 53, 53, 37, 37, 55]","['<SOS>', '112', '112', '11003', '11003', '11201']",W_Completeren aanvraag_COMPLETE,0.7560431361198425
2405,"[2, 12, 9, 10, 22, 22]","['<SOS>', 'A_SUBMITTED_COMPLETE', 'A_PARTLYSUBMITTED_COMPLETE', 'A_PREACCEPTED_COMPLETE', 'W_Completeren aanvraag_COMPLETE', 'W_Completeren aanvraag_COMPLETE']",181246,20000.0,"[70, 53, 53, 53, 52, 52]","['<SOS>', '112', '112', '112', '11189', '11189']",W_Completeren aanvraag_COMPLETE,0.675196647644043
9046,"[2, 12, 9, 10, 22]","['<SOS>', 'A_SUBMITTED_COMPLETE', 'A_PARTLYSUBMITTED_COMPLETE', 'A_PREACCEPTED_COMPLETE', 'W_Completeren aanvraag_COMPLETE']",201885,20000.0,"[70, 53, 53, 53, 48]","['<SOS>', '112', '112', '112', '11169']",W_Completeren aanvraag_COMPLETE,0.6877371072769165
11224,"[2, 12, 9, 10, 22]","['<SOS>', 'A_SUBMITTED_COMPLETE', 'A_PARTLYSUBMITTED_COMPLETE', 'A_PREACCEPTED_COMPLETE', 'W_Completeren aanvraag_COMPLETE']",208661,20000.0,"[70, 53, 53, 53, 38]","['<SOS>', '112', '112', '112', '11009']",W_Completeren aanvraag_COMPLETE,0.6783526539802551
3726,"[2, 12, 9, 10, 22]","['<SOS>', 'A_SUBMITTED_COMPLETE', 'A_PARTLYSUBMITTED_COMPLETE', 'A_PREACCEPTED_COMPLETE', 'W_Completeren aanvraag_COMPLETE']",185306,20000.0,"[70, 53, 53, 53, 18]","['<SOS>', '112', '112', '112', '10889']",W_Completeren aanvraag_COMPLETE,0.6510869264602661
346,"[2, 12, 9, 10, 22]","['<SOS>', 'A_SUBMITTED_COMPLETE', 'A_PARTLYSUBMITTED_COMPLETE', 'A_PREACCEPTED_COMPLETE', 'W_Completeren aanvraag_COMPLETE']",174779,20000.0,"[70, 53, 53, 53, 49]","['<SOS>', '112', '112', '112', '11179']",W_Completeren aanvraag_COMPLETE,0.6685255169868469
1807,"[2, 12, 9, 10, 20, 22, 22]","['<SOS>', 'A_SUBMITTED_COMPLETE', 'A_PARTLYSUBMITTED_COMPLETE', 'A_PREACCEPTED_COMPLETE', 'W_Afhandelen leads_COMPLETE', 'W_Completeren aanvraag_COMPLETE', 'W_Completeren aanvraag_COMPLETE']",179384,20000.0,"[70, 53, 53, 16, 71, 71, 55]","['<SOS>', '112', '112', '10880', 'UNKNOWN', 'UNKNOWN', '11201']",W_Completeren aanvraag_COMPLETE,0.7662799954414368
548,"[2, 12, 9, 10]","['<SOS>', 'A_SUBMITTED_COMPLETE', 'A_PARTLYSUBMITTED_COMPLETE', 'A_PREACCEPTED_COMPLETE']",175407,20000.0,"[70, 53, 53, 53]","['<SOS>', '112', '112', '112']",W_Completeren aanvraag_COMPLETE,0.5618182420730591
305,"[2, 12, 9, 10]","['<SOS>', 'A_SUBMITTED_COMPLETE', 'A_PARTLYSUBMITTED_COMPLETE', 'A_PREACCEPTED_COMPLETE']",174656,20000.0,"[70, 53, 53, 53]","['<SOS>', '112', '112', '112']",W_Completeren aanvraag_COMPLETE,0.5618182420730591
6671,"[2, 12, 9, 20, 10, 20, 22]","['<SOS>', 'A_SUBMITTED_COMPLETE', 'A_PARTLYSUBMITTED_COMPLETE', 'W_Afhandelen leads_COMPLETE', 'A_PREACCEPTED_COMPLETE', 'W_Afhandelen leads_COMPLETE', 'W_Completeren aanvraag_COMPLETE']",194454,20000.0,"[70, 53, 53, 27, 30, 30, 48]","['<SOS>', '112', '112', '10932', '10939', '10939', '11169']",W_Completeren aanvraag_COMPLETE,0.6333678364753723
11170,"[2, 12, 9, 10]","['<SOS>', 'A_SUBMITTED_COMPLETE', 'A_PARTLYSUBMITTED_COMPLETE', 'A_PREACCEPTED_COMPLETE']",208499,20000.0,"[70, 53, 53, 53]","['<SOS>', '112', '112', '112']",W_Completeren aanvraag_COMPLETE,0.5618182420730591
2990,"[2, 12, 9, 10, 20]","['<SOS>', 'A_SUBMITTED_COMPLETE', 'A_PARTLYSUBMITTED_COMPLETE', 'A_PREACCEPTED_COMPLETE', 'W_Afhandelen leads_COMPLETE']",183037,20000.0,"[70, 53, 53, 48, 48]","['<SOS>', '112', '112', '11169', '11169']",W_Completeren aanvraag_COMPLETE,0.6199917197227478
160,"[2, 12, 9, 10]","['<SOS>', 'A_SUBMITTED_COMPLETE', 'A_PARTLYSUBMITTED_COMPLETE', 'A_PREACCEPTED_COMPLETE']",174180,20000.0,"[70, 53, 53, 53]","['<SOS>', '112', '112', '112']",W_Completeren aanvraag_COMPLETE,0.5618182420730591
12725,"[2, 12, 9, 10]","['<SOS>', 'A_SUBMITTED_COMPLETE', 'A_PARTLYSUBMITTED_COMPLETE', 'A_PREACCEPTED_COMPLETE']",213267,20000.0,"[70, 53, 53, 53]","['<SOS>', '112', '112', '112']",W_Completeren aanvraag_COMPLETE,0.5618182420730591
11221,"[2, 12, 9, 10, 20]","['<SOS>', 'A_SUBMITTED_COMPLETE', 'A_PARTLYSUBMITTED_COMPLETE', 'A_PREACCEPTED_COMPLETE', 'W_Afhandelen leads_COMPLETE']",208652,20000.0,"[70, 53, 53, 56, 71]","['<SOS>', '112', '112', '11202', 'UNKNOWN']",W_Completeren aanvraag_COMPLETE,0.5758641958236694
10337,"[2, 12, 9, 10]","['<SOS>', 'A_SUBMITTED_COMPLETE', 'A_PARTLYSUBMITTED_COMPLETE', 'A_PREACCEPTED_COMPLETE']",205918,20000.0,"[70, 53, 53, 53]","['<SOS>', '112', '112', '112']",W_Completeren aanvraag_COMPLETE,0.5618182420730591
4295,"[2, 12, 9, 20, 10, 20]","['<SOS>', 'A_SUBMITTED_COMPLETE', 'A_PARTLYSUBMITTED_COMPLETE', 'W_Afhandelen leads_COMPLETE', 'A_PREACCEPTED_COMPLETE', 'W_Afhandelen leads_COMPLETE']",187064,20000.0,"[70, 53, 53, 55, 7, 7]","['<SOS>', '112', '112', '11201', '10629', '10629']",W_Completeren aanvraag_COMPLETE,0.5576460957527161
3825,"[2, 12, 9, 10, 22, 22, 22]","['<SOS>', 'A_SUBMITTED_COMPLETE', 'A_PARTLYSUBMITTED_COMPLETE', 'A_PREACCEPTED_COMPLETE', 'W_Completeren aanvraag_COMPLETE', 'W_Completeren aanvraag_COMPLETE', 'W_Completeren aanvraag_COMPLETE']",185614,20000.0,"[70, 53, 53, 53, 21, 52, 21]","['<SOS>', '112', '112', '112', '10910', '11189', '10910']",W_Completeren aanvraag_COMPLETE,0.7714688777923584
7676,"[2, 12, 9, 10]","['<SOS>', 'A_SUBMITTED_COMPLETE', 'A_PARTLYSUBMITTED_COMPLETE', 'A_PREACCEPTED_COMPLETE']",197602,20000.0,"[70, 53, 53, 53]","['<SOS>', '112', '112', '112']",W_Completeren aanvraag_COMPLETE,0.5618182420730591
1971,"[2, 12, 9, 10, 20, 22, 22, 22]","['<SOS>', 'A_SUBMITTED_COMPLETE', 'A_PARTLYSUBMITTED_COMPLETE', 'A_PREACCEPTED_COMPLETE', 'W_Afhandelen leads_COMPLETE', 'W_Completeren aanvraag_COMPLETE', 'W_Completeren aanvraag_COMPLETE', 'W_Completeren aanvraag_COMPLETE']",179902,20000.0,"[70, 53, 53, 38, 38, 38, 38, 52]","['<SOS>', '112', '112', '11009', '11009', '11009', '11009', '11189']",W_Completeren aanvraag_COMPLETE,0.703344464302063
5543,"[2, 12, 9, 10, 22]","['<SOS>', 'A_SUBMITTED_COMPLETE', 'A_PARTLYSUBMITTED_COMPLETE', 'A_PREACCEPTED_COMPLETE', 'W_Completeren aanvraag_COMPLETE']",190965,20000.0,"[70, 53, 53, 53, 22]","['<SOS>', '112', '112', '112', '10912']",W_Completeren aanvraag_COMPLETE,0.6596699357032776
9271,"[2, 12, 9, 10, 20]","['<SOS>', 'A_SUBMITTED_COMPLETE', 'A_PARTLYSUBMITTED_COMPLETE', 'A_PREACCEPTED_COMPLETE', 'W_Afhandelen leads_COMPLETE']",202593,20000.0,"[70, 53, 53, 29, 29]","['<SOS>', '112', '112', '10935', '10935']",W_Completeren aanvraag_COMPLETE,0.644183337688446
11006,"[2, 12, 9, 10, 22]","['<SOS>', 'A_SUBMITTED_COMPLETE', 'A_PARTLYSUBMITTED_COMPLETE', 'A_PREACCEPTED_COMPLETE', 'W_Completeren aanvraag_COMPLETE']",207993,20000.0,"[70, 53, 53, 53, 49]","['<SOS>', '112', '112', '112', '11179']",W_Completeren aanvraag_COMPLETE,0.6685255169868469
9302,"[2, 12, 9, 10, 22]","['<SOS>', 'A_SUBMITTED_COMPLETE', 'A_PARTLYSUBMITTED_COMPLETE', 'A_PREACCEPTED_COMPLETE', 'W_Completeren aanvraag_COMPLETE']",202686,20000.0,"[70, 53, 53, 53, 22]","['<SOS>', '112', '112', '112', '10912']",W_Completeren aanvraag_COMPLETE,0.6596699357032776
11789,"[2, 12, 9, 10]","['<SOS>', 'A_SUBMITTED_COMPLETE', 'A_PARTLYSUBMITTED_COMPLETE', 'A_PREACCEPTED_COMPLETE']",210416,20000.0,"[70, 53, 53, 53]","['<SOS>', '112', '112', '112']",W_Completeren aanvraag_COMPLETE,0.5618182420730591
7741,"[2, 12, 9, 20, 20, 10, 20, 22, 22, 22, 22]","['<SOS>', 'A_SUBMITTED_COMPLETE', 'A_PARTLYSUBMITTED_COMPLETE', 'W_Afhandelen leads_COMPLETE', 'W_Afhandelen leads_COMPLETE', 'A_PREACCEPTED_COMPLETE', 'W_Afhandelen leads_COMPLETE', 'W_Completeren aanvraag_COMPLETE', 'W_Completeren aanvraag_COMPLETE', 'W_Completeren aanvraag_COMPLETE', 'W_Completeren aanvraag_COMPLETE']",197797,20000.0,"[70, 53, 53, 49, 49, 49, 49, 44, 44, 57, 57]","['<SOS>', '112', '112', '11179', '11179', '11179', '11179', '11119', '11119', '11203', '11203']",W_Completeren aanvraag_COMPLETE,0.6951148509979248
675,"[2, 12, 9, 10, 22, 22]","['<SOS>', 'A_SUBMITTED_COMPLETE', 'A_PARTLYSUBMITTED_COMPLETE', 'A_PREACCEPTED_COMPLETE', 'W_Completeren aanvraag_COMPLETE', 'W_Completeren aanvraag_COMPLETE']",175804,20000.0,"[70, 53, 53, 53, 71, 52]","['<SOS>', '112', '112', '112', 'UNKNOWN', '11189']",W_Completeren aanvraag_COMPLETE,0.6311278939247131
3776,"[2, 12, 9, 10, 20]","['<SOS>', 'A_SUBMITTED_COMPLETE', 'A_PARTLYSUBMITTED_COMPLETE', 'A_PREACCEPTED_COMPLETE', 'W_Afhandelen leads_COMPLETE']",185467,20000.0,"[70, 53, 53, 21, 21]","['<SOS>', '112', '112', '10910', '10910']",W_Completeren aanvraag_COMPLETE,0.6390384435653687
10726,"[2, 12, 9, 10, 22, 22, 22]","['<SOS>', 'A_SUBMITTED_COMPLETE', 'A_PARTLYSUBMITTED_COMPLETE', 'A_PREACCEPTED_COMPLETE', 'W_Completeren aanvraag_COMPLETE', 'W_Completeren aanvraag_COMPLETE', 'W_Completeren aanvraag_COMPLETE']",207116,20000.0,"[70, 53, 53, 53, 27, 13, 33]","['<SOS>', '112', '112', '112', '10932', '10861', '10982']",W_Completeren aanvraag_COMPLETE,0.7424780130386353
3450,"[2, 12, 9, 10]","['<SOS>', 'A_SUBMITTED_COMPLETE', 'A_PARTLYSUBMITTED_COMPLETE', 'A_PREACCEPTED_COMPLETE']",184460,20000.0,"[70, 53, 53, 53]","['<SOS>', '112', '112', '112']",W_Completeren aanvraag_COMPLETE,0.5618182420730591
2542,"[2, 12, 9, 20, 10, 20]","['<SOS>', 'A_SUBMITTED_COMPLETE', 'A_PARTLYSUBMITTED_COMPLETE', 'W_Afhandelen leads_COMPLETE', 'A_PREACCEPTED_COMPLETE', 'W_Afhandelen leads_COMPLETE']",181664,20000.0,"[70, 53, 53, 7, 7, 7]","['<SOS>', '112', '112', '10629', '10629', '10629']",W_Completeren aanvraag_COMPLETE,0.4624682068824768
1852,"[2, 12, 9, 10]","['<SOS>', 'A_SUBMITTED_COMPLETE', 'A_PARTLYSUBMITTED_COMPLETE', 'A_PREACCEPTED_COMPLETE']",179519,20000.0,"[70, 53, 53, 53]","['<SOS>', '112', '112', '112']",W_Completeren aanvraag_COMPLETE,0.5618182420730591
4621,"[2, 12, 9, 10]","['<SOS>', 'A_SUBMITTED_COMPLETE', 'A_PARTLYSUBMITTED_COMPLETE', 'A_PREACCEPTED_COMPLETE']",188065,20000.0,"[70, 53, 53, 53]","['<SOS>', '112', '112', '112']",W_Completeren aanvraag_COMPLETE,0.5618182420730591
1928,"[2, 12, 9, 10, 22, 22, 22]","['<SOS>', 'A_SUBMITTED_COMPLETE', 'A_PARTLYSUBMITTED_COMPLETE', 'A_PREACCEPTED_COMPLETE', 'W_Completeren aanvraag_COMPLETE', 'W_Completeren aanvraag_COMPLETE', 'W_Completeren aanvraag_COMPLETE']",179760,20000.0,"[70, 53, 53, 53, 33, 30, 20]","['<SOS>', '112', '112', '112', '10982', '10939', '10909']",W_Completeren aanvraag_COMPLETE,0.8216201066970825
7018,"[2, 12, 9, 10, 20, 22, 22]","['<SOS>', 'A_SUBMITTED_COMPLETE', 'A_PARTLYSUBMITTED_COMPLETE', 'A_PREACCEPTED_COMPLETE', 'W_Afhandelen leads_COMPLETE', 'W_Completeren aanvraag_COMPLETE', 'W_Completeren aanvraag_COMPLETE']",195563,20000.0,"[70, 53, 53, 23, 23, 18, 39]","['<SOS>', '112', '112', '10913', '10913', '10889', '11019']",W_Completeren aanvraag_COMPLETE,0.6916736364364624
11606,"[2, 12, 9, 10, 22, 22]","['<SOS>', 'A_SUBMITTED_COMPLETE', 'A_PARTLYSUBMITTED_COMPLETE', 'A_PREACCEPTED_COMPLETE', 'W_Completeren aanvraag_COMPLETE', 'W_Completeren aanvraag_COMPLETE']",209841,20000.0,"[70, 53, 53, 53, 38, 28]","['<SOS>', '112', '112', '112', '11009', '10933']",W_Completeren aanvraag_COMPLETE,0.7408064603805542
2123,"[2, 12, 9, 10, 22]","['<SOS>', 'A_SUBMITTED_COMPLETE', 'A_PARTLYSUBMITTED_COMPLETE', 'A_PREACCEPTED_COMPLETE', 'W_Completeren aanvraag_COMPLETE']",180382,20000.0,"[70, 53, 53, 53, 71]","['<SOS>', '112', '112', '112', 'UNKNOWN']",W_Completeren aanvraag_COMPLETE,0.6729100942611694
7325,"[2, 12, 9, 10, 22, 22, 22, 22, 22, 22, 22, 22, 22, 22]","['<SOS>', 'A_SUBMITTED_COMPLETE', 'A_PARTLYSUBMITTED_COMPLETE', 'A_PREACCEPTED_COMPLETE', 'W_Completeren aanvraag_COMPLETE', 'W_Completeren aanvraag_COMPLETE', 'W_Completeren aanvraag_COMPLETE', 'W_Completeren aanvraag_COMPLETE', 'W_Completeren aanvraag_COMPLETE', 'W_Completeren aanvraag_COMPLETE', 'W_Completeren aanvraag_COMPLETE', 'W_Completeren aanvraag_COMPLETE', 'W_Completeren aanvraag_COMPLETE', 'W_Completeren aanvraag_COMPLETE']",196515,20000.0,"[70, 53, 53, 53, 51, 13, 13, 37, 71, 71, 71, 46, 21, 49]","['<SOS>', '112', '112', '112', '11181', '10861', '10861', '11003', 'UNKNOWN', 'UNKNOWN', 'UNKNOWN', '11121', '10910', '11179']",W_Completeren aanvraag_COMPLETE,0.8439527153968811
9450,"[2, 12, 9, 10, 22, 22]","['<SOS>', 'A_SUBMITTED_COMPLETE', 'A_PARTLYSUBMITTED_COMPLETE', 'A_PREACCEPTED_COMPLETE', 'W_Completeren aanvraag_COMPLETE', 'W_Completeren aanvraag_COMPLETE']",203146,20000.0,"[70, 53, 53, 53, 27, 44]","['<SOS>', '112', '112', '112', '10932', '11119']",W_Completeren aanvraag_COMPLETE,0.6497616171836853
12658,"[2, 12, 9, 10]","['<SOS>', 'A_SUBMITTED_COMPLETE', 'A_PARTLYSUBMITTED_COMPLETE', 'A_PREACCEPTED_COMPLETE']",213052,20000.0,"[70, 53, 53, 53]","['<SOS>', '112', '112', '112']",W_Completeren aanvraag_COMPLETE,0.5618182420730591
1699,"[2, 12, 9, 10]","['<SOS>', 'A_SUBMITTED_COMPLETE', 'A_PARTLYSUBMITTED_COMPLETE', 'A_PREACCEPTED_COMPLETE']",179056,20000.0,"[70, 53, 53, 53]","['<SOS>', '112', '112', '112']",W_Completeren aanvraag_COMPLETE,0.5618182420730591
4567,"[2, 12, 9, 10]","['<SOS>', 'A_SUBMITTED_COMPLETE', 'A_PARTLYSUBMITTED_COMPLETE', 'A_PREACCEPTED_COMPLETE']",187891,20000.0,"[70, 53, 53, 53]","['<SOS>', '112', '112', '112']",W_Completeren aanvraag_COMPLETE,0.5618182420730591
9132,"[2, 12, 9, 10]","['<SOS>', 'A_SUBMITTED_COMPLETE', 'A_PARTLYSUBMITTED_COMPLETE', 'A_PREACCEPTED_COMPLETE']",202143,20000.0,"[70, 53, 53, 53]","['<SOS>', '112', '112', '112']",W_Completeren aanvraag_COMPLETE,0.5618182420730591
1815,"[2, 12, 9, 10]","['<SOS>', 'A_SUBMITTED_COMPLETE', 'A_PARTLYSUBMITTED_COMPLETE', 'A_PREACCEPTED_COMPLETE']",179408,20000.0,"[70, 53, 53, 53]","['<SOS>', '112', '112', '112']",W_Completeren aanvraag_COMPLETE,0.5618182420730591
1675,"[2, 12, 9, 10, 22]","['<SOS>', 'A_SUBMITTED_COMPLETE', 'A_PARTLYSUBMITTED_COMPLETE', 'A_PREACCEPTED_COMPLETE', 'W_Completeren aanvraag_COMPLETE']",178966,20000.0,"[70, 53, 53, 53, 30]","['<SOS>', '112', '112', '112', '10939']",W_Completeren aanvraag_COMPLETE,0.6072261333465576
2329,"[2, 12, 9, 20, 10, 20]","['<SOS>', 'A_SUBMITTED_COMPLETE', 'A_PARTLYSUBMITTED_COMPLETE', 'W_Afhandelen leads_COMPLETE', 'A_PREACCEPTED_COMPLETE', 'W_Afhandelen leads_COMPLETE']",181013,20000.0,"[70, 53, 53, 47, 23, 23]","['<SOS>', '112', '112', '11122', '10913', '10913']",W_Completeren aanvraag_COMPLETE,0.6127431988716125
4732,"[2, 12, 9, 10, 22, 22]","['<SOS>', 'A_SUBMITTED_COMPLETE', 'A_PARTLYSUBMITTED_COMPLETE', 'A_PREACCEPTED_COMPLETE', 'W_Completeren aanvraag_COMPLETE', 'W_Completeren aanvraag_COMPLETE']",188416,20000.0,"[70, 53, 53, 53, 21, 48]","['<SOS>', '112', '112', '112', '10910', '11169']",W_Completeren aanvraag_COMPLETE,0.7520065903663635
513,"[2, 12, 9, 10]","['<SOS>', 'A_SUBMITTED_COMPLETE', 'A_PARTLYSUBMITTED_COMPLETE', 'A_PREACCEPTED_COMPLETE']",175302,20000.0,"[70, 53, 53, 53]","['<SOS>', '112', '112', '112']",W_Completeren aanvraag_COMPLETE,0.5618182420730591
1865,"[2, 12, 9, 10]","['<SOS>', 'A_SUBMITTED_COMPLETE', 'A_PARTLYSUBMITTED_COMPLETE', 'A_PREACCEPTED_COMPLETE']",179558,20000.0,"[70, 53, 53, 53]","['<SOS>', '112', '112', '112']",W_Completeren aanvraag_COMPLETE,0.5618182420730591
11985,"[2, 12, 9, 10, 20]","['<SOS>', 'A_SUBMITTED_COMPLETE', 'A_PARTLYSUBMITTED_COMPLETE', 'A_PREACCEPTED_COMPLETE', 'W_Afhandelen leads_COMPLETE']",211008,20000.0,"[70, 53, 53, 7, 7]","['<SOS>', '112', '112', '10629', '10629']",A_ACCEPTED_COMPLETE,0.4379449486732483
9113,"[2, 12, 9, 20, 20, 20, 20, 10, 20]","['<SOS>', 'A_SUBMITTED_COMPLETE', 'A_PARTLYSUBMITTED_COMPLETE', 'W_Afhandelen leads_COMPLETE', 'W_Afhandelen leads_COMPLETE', 'W_Afhandelen leads_COMPLETE', 'W_Afhandelen leads_COMPLETE', 'A_PREACCEPTED_COMPLETE', 'W_Afhandelen leads_COMPLETE']",202086,20000.0,"[70, 53, 53, 50, 50, 50, 50, 50, 50]","['<SOS>', '112', '112', '11180', '11180', '11180', '11180', '11180', '11180']",W_Completeren aanvraag_COMPLETE,0.5929163098335266
5457,"[2, 12, 9, 10, 20]","['<SOS>', 'A_SUBMITTED_COMPLETE', 'A_PARTLYSUBMITTED_COMPLETE', 'A_PREACCEPTED_COMPLETE', 'W_Afhandelen leads_COMPLETE']",190707,20000.0,"[70, 53, 53, 25, 25]","['<SOS>', '112', '112', '10929', '10929']",W_Completeren aanvraag_COMPLETE,0.6100557446479797
11045,"[2, 12, 9, 10, 20]","['<SOS>', 'A_SUBMITTED_COMPLETE', 'A_PARTLYSUBMITTED_COMPLETE', 'A_PREACCEPTED_COMPLETE', 'W_Afhandelen leads_COMPLETE']",208124,20000.0,"[70, 53, 53, 56, 71]","['<SOS>', '112', '112', '11202', 'UNKNOWN']",W_Completeren aanvraag_COMPLETE,0.5758641958236694
3115,"[2, 12, 9, 10]","['<SOS>', 'A_SUBMITTED_COMPLETE', 'A_PARTLYSUBMITTED_COMPLETE', 'A_PREACCEPTED_COMPLETE']",183432,20000.0,"[70, 53, 53, 53]","['<SOS>', '112', '112', '112']",W_Completeren aanvraag_COMPLETE,0.5618182420730591
12401,"[2, 12, 9, 10]","['<SOS>', 'A_SUBMITTED_COMPLETE', 'A_PARTLYSUBMITTED_COMPLETE', 'A_PREACCEPTED_COMPLETE']",212280,20000.0,"[70, 53, 53, 53]","['<SOS>', '112', '112', '112']",W_Completeren aanvraag_COMPLETE,0.5618182420730591
12512,"[2, 12, 9, 10, 20, 22, 22, 22, 22]","['<SOS>', 'A_SUBMITTED_COMPLETE', 'A_PARTLYSUBMITTED_COMPLETE', 'A_PREACCEPTED_COMPLETE', 'W_Afhandelen leads_COMPLETE', 'W_Completeren aanvraag_COMPLETE', 'W_Completeren aanvraag_COMPLETE', 'W_Completeren aanvraag_COMPLETE', 'W_Completeren aanvraag_COMPLETE']",212614,20000.0,"[70, 53, 53, 20, 20, 20, 20, 33, 27]","['<SOS>', '112', '112', '10909', '10909', '10909', '10909', '10982', '10932']",W_Completeren aanvraag_COMPLETE,0.8061373233795166
2782,"[2, 12, 9, 10, 22]","['<SOS>', 'A_SUBMITTED_COMPLETE', 'A_PARTLYSUBMITTED_COMPLETE', 'A_PREACCEPTED_COMPLETE', 'W_Completeren aanvraag_COMPLETE']",182401,20000.0,"[70, 53, 53, 53, 57]","['<SOS>', '112', '112', '112', '11203']",W_Completeren aanvraag_COMPLETE,0.5692031979560852
7392,"[2, 12, 9, 10]","['<SOS>', 'A_SUBMITTED_COMPLETE', 'A_PARTLYSUBMITTED_COMPLETE', 'A_PREACCEPTED_COMPLETE']",196738,20000.0,"[70, 53, 53, 53]","['<SOS>', '112', '112', '112']",W_Completeren aanvraag_COMPLETE,0.5618182420730591
1185,"[2, 12, 9, 10, 22, 22, 22]","['<SOS>', 'A_SUBMITTED_COMPLETE', 'A_PARTLYSUBMITTED_COMPLETE', 'A_PREACCEPTED_COMPLETE', 'W_Completeren aanvraag_COMPLETE', 'W_Completeren aanvraag_COMPLETE', 'W_Completeren aanvraag_COMPLETE']",177423,20000.0,"[70, 53, 53, 53, 23, 55, 23]","['<SOS>', '112', '112', '112', '10913', '11201', '10913']",W_Completeren aanvraag_COMPLETE,0.7138333320617676
8512,"[2, 12, 9, 10, 22]","['<SOS>', 'A_SUBMITTED_COMPLETE', 'A_PARTLYSUBMITTED_COMPLETE', 'A_PREACCEPTED_COMPLETE', 'W_Completeren aanvraag_COMPLETE']",200191,20000.0,"[70, 53, 53, 53, 44]","['<SOS>', '112', '112', '112', '11119']",W_Completeren aanvraag_COMPLETE,0.6551535725593567
6073,"[2, 12, 9, 10, 22, 22, 22]","['<SOS>', 'A_SUBMITTED_COMPLETE', 'A_PARTLYSUBMITTED_COMPLETE', 'A_PREACCEPTED_COMPLETE', 'W_Completeren aanvraag_COMPLETE', 'W_Completeren aanvraag_COMPLETE', 'W_Completeren aanvraag_COMPLETE']",192608,20000.0,"[70, 53, 53, 53, 71, 38, 38]","['<SOS>', '112', '112', '112', 'UNKNOWN', '11009', '11009']",W_Completeren aanvraag_COMPLETE,0.7767410278320312
9551,"[2, 12, 9, 20, 20, 20, 20, 10, 20, 22]","['<SOS>', 'A_SUBMITTED_COMPLETE', 'A_PARTLYSUBMITTED_COMPLETE', 'W_Afhandelen leads_COMPLETE', 'W_Afhandelen leads_COMPLETE', 'W_Afhandelen leads_COMPLETE', 'W_Afhandelen leads_COMPLETE', 'A_PREACCEPTED_COMPLETE', 'W_Afhandelen leads_COMPLETE', 'W_Completeren aanvraag_COMPLETE']",203465,20000.0,"[70, 53, 53, 48, 48, 48, 33, 33, 33, 27]","['<SOS>', '112', '112', '11169', '11169', '11169', '10982', '10982', '10982', '10932']",W_Completeren aanvraag_COMPLETE,0.6917970776557922
6719,"[2, 12, 9, 10, 20]","['<SOS>', 'A_SUBMITTED_COMPLETE', 'A_PARTLYSUBMITTED_COMPLETE', 'A_PREACCEPTED_COMPLETE', 'W_Afhandelen leads_COMPLETE']",194608,20000.0,"[70, 53, 53, 48, 48]","['<SOS>', '112', '112', '11169', '11169']",W_Completeren aanvraag_COMPLETE,0.6199917197227478
4119,"[2, 12, 9, 10]","['<SOS>', 'A_SUBMITTED_COMPLETE', 'A_PARTLYSUBMITTED_COMPLETE', 'A_PREACCEPTED_COMPLETE']",186523,20000.0,"[70, 53, 53, 53]","['<SOS>', '112', '112', '112']",W_Completeren aanvraag_COMPLETE,0.5618182420730591
8746,"[2, 12, 9, 10, 20]","['<SOS>', 'A_SUBMITTED_COMPLETE', 'A_PARTLYSUBMITTED_COMPLETE', 'A_PREACCEPTED_COMPLETE', 'W_Afhandelen leads_COMPLETE']",200931,20000.0,"[70, 53, 53, 25, 25]","['<SOS>', '112', '112', '10929', '10929']",W_Completeren aanvraag_COMPLETE,0.6100557446479797
3106,"[2, 12, 9, 10, 22, 22, 22, 22, 22, 22, 22]","['<SOS>', 'A_SUBMITTED_COMPLETE', 'A_PARTLYSUBMITTED_COMPLETE', 'A_PREACCEPTED_COMPLETE', 'W_Completeren aanvraag_COMPLETE', 'W_Completeren aanvraag_COMPLETE', 'W_Completeren aanvraag_COMPLETE', 'W_Completeren aanvraag_COMPLETE', 'W_Completeren aanvraag_COMPLETE', 'W_Completeren aanvraag_COMPLETE', 'W_Completeren aanvraag_COMPLETE']",183405,20000.0,"[70, 53, 53, 53, 52, 71, 51, 47, 51, 51, 47]","['<SOS>', '112', '112', '112', '11189', 'UNKNOWN', '11181', '11122', '11181', '11181', '11122']",W_Completeren aanvraag_COMPLETE,0.8747507929801941
920,"[2, 12, 9, 10]","['<SOS>', 'A_SUBMITTED_COMPLETE', 'A_PARTLYSUBMITTED_COMPLETE', 'A_PREACCEPTED_COMPLETE']",176575,20000.0,"[70, 53, 53, 53]","['<SOS>', '112', '112', '112']",W_Completeren aanvraag_COMPLETE,0.5618182420730591
5792,"[2, 12, 9, 10, 22, 22, 22, 22, 22]","['<SOS>', 'A_SUBMITTED_COMPLETE', 'A_PARTLYSUBMITTED_COMPLETE', 'A_PREACCEPTED_COMPLETE', 'W_Completeren aanvraag_COMPLETE', 'W_Completeren aanvraag_COMPLETE', 'W_Completeren aanvraag_COMPLETE', 'W_Completeren aanvraag_COMPLETE', 'W_Completeren aanvraag_COMPLETE']",191731,20000.0,"[70, 53, 53, 53, 25, 51, 51, 49, 17]","['<SOS>', '112', '112', '112', '10929', '11181', '11181', '11179', '10881']",W_Completeren aanvraag_COMPLETE,0.718488872051239
12761,"[2, 12, 9, 10, 20]","['<SOS>', 'A_SUBMITTED_COMPLETE', 'A_PARTLYSUBMITTED_COMPLETE', 'A_PREACCEPTED_COMPLETE', 'W_Afhandelen leads_COMPLETE']",213375,20000.0,"[70, 53, 53, 28, 28]","['<SOS>', '112', '112', '10933', '10933']",W_Completeren aanvraag_COMPLETE,0.6334895491600037
982,"[2, 12, 9, 20, 10, 20, 22, 22, 22]","['<SOS>', 'A_SUBMITTED_COMPLETE', 'A_PARTLYSUBMITTED_COMPLETE', 'W_Afhandelen leads_COMPLETE', 'A_PREACCEPTED_COMPLETE', 'W_Afhandelen leads_COMPLETE', 'W_Completeren aanvraag_COMPLETE', 'W_Completeren aanvraag_COMPLETE', 'W_Completeren aanvraag_COMPLETE']",176762,20000.0,"[70, 53, 53, 33, 47, 47, 33, 44, 50]","['<SOS>', '112', '112', '10982', '11122', '11122', '10982', '11119', '11180']",W_Completeren aanvraag_COMPLETE,0.8378856778144836
6866,"[2, 12, 9, 10]","['<SOS>', 'A_SUBMITTED_COMPLETE', 'A_PARTLYSUBMITTED_COMPLETE', 'A_PREACCEPTED_COMPLETE']",195094,20000.0,"[70, 53, 53, 53]","['<SOS>', '112', '112', '112']",W_Completeren aanvraag_COMPLETE,0.5618182420730591
11836,"[2, 12, 9, 10]","['<SOS>', 'A_SUBMITTED_COMPLETE', 'A_PARTLYSUBMITTED_COMPLETE', 'A_PREACCEPTED_COMPLETE']",210557,20000.0,"[70, 53, 53, 53]","['<SOS>', '112', '112', '112']",W_Completeren aanvraag_COMPLETE,0.5618182420730591
3725,"[2, 12, 9, 10, 22, 22]","['<SOS>', 'A_SUBMITTED_COMPLETE', 'A_PARTLYSUBMITTED_COMPLETE', 'A_PREACCEPTED_COMPLETE', 'W_Completeren aanvraag_COMPLETE', 'W_Completeren aanvraag_COMPLETE']",185303,20000.0,"[70, 53, 53, 53, 51, 51]","['<SOS>', '112', '112', '112', '11181', '11181']",W_Completeren aanvraag_COMPLETE,0.6920663118362427
9744,"[2, 12, 9, 10, 22]","['<SOS>', 'A_SUBMITTED_COMPLETE', 'A_PARTLYSUBMITTED_COMPLETE', 'A_PREACCEPTED_COMPLETE', 'W_Completeren aanvraag_COMPLETE']",204054,20000.0,"[70, 53, 53, 53, 71]","['<SOS>', '112', '112', '112', 'UNKNOWN']",W_Completeren aanvraag_COMPLETE,0.6729100942611694
11972,"[2, 12, 9, 10, 20]","['<SOS>', 'A_SUBMITTED_COMPLETE', 'A_PARTLYSUBMITTED_COMPLETE', 'A_PREACCEPTED_COMPLETE', 'W_Afhandelen leads_COMPLETE']",210969,20000.0,"[70, 53, 53, 57, 57]","['<SOS>', '112', '112', '11203', '11203']",W_Completeren aanvraag_COMPLETE,0.5506283640861511
11292,"[2, 12, 9, 10]","['<SOS>', 'A_SUBMITTED_COMPLETE', 'A_PARTLYSUBMITTED_COMPLETE', 'A_PREACCEPTED_COMPLETE']",208865,20000.0,"[70, 53, 53, 53]","['<SOS>', '112', '112', '112']",W_Completeren aanvraag_COMPLETE,0.5618182420730591
3049,"[2, 12, 9, 10]","['<SOS>', 'A_SUBMITTED_COMPLETE', 'A_PARTLYSUBMITTED_COMPLETE', 'A_PREACCEPTED_COMPLETE']",183214,20000.0,"[70, 53, 53, 53]","['<SOS>', '112', '112', '112']",W_Completeren aanvraag_COMPLETE,0.5618182420730591
2823,"[2, 12, 9, 10, 20, 22, 22, 22, 22, 22, 22, 22]","['<SOS>', 'A_SUBMITTED_COMPLETE', 'A_PARTLYSUBMITTED_COMPLETE', 'A_PREACCEPTED_COMPLETE', 'W_Afhandelen leads_COMPLETE', 'W_Completeren aanvraag_COMPLETE', 'W_Completeren aanvraag_COMPLETE', 'W_Completeren aanvraag_COMPLETE', 'W_Completeren aanvraag_COMPLETE', 'W_Completeren aanvraag_COMPLETE', 'W_Completeren aanvraag_COMPLETE', 'W_Completeren aanvraag_COMPLETE']",182524,20000.0,"[70, 53, 53, 5, 5, 44, 71, 51, 71, 50, 55, 23]","['<SOS>', '112', '112', '10228', '10228', '11119', 'UNKNOWN', '11181', 'UNKNOWN', '11180', '11201', '10913']",W_Completeren aanvraag_COMPLETE,0.8895289897918701
6355,"[2, 12, 9, 10]","['<SOS>', 'A_SUBMITTED_COMPLETE', 'A_PARTLYSUBMITTED_COMPLETE', 'A_PREACCEPTED_COMPLETE']",193473,20000.0,"[70, 53, 53, 53]","['<SOS>', '112', '112', '112']",W_Completeren aanvraag_COMPLETE,0.5618182420730591
3428,"[2, 12, 9, 10]","['<SOS>', 'A_SUBMITTED_COMPLETE', 'A_PARTLYSUBMITTED_COMPLETE', 'A_PREACCEPTED_COMPLETE']",184394,20000.0,"[70, 53, 53, 53]","['<SOS>', '112', '112', '112']",W_Completeren aanvraag_COMPLETE,0.5618182420730591
5057,"[2, 12, 9, 10]","['<SOS>', 'A_SUBMITTED_COMPLETE', 'A_PARTLYSUBMITTED_COMPLETE', 'A_PREACCEPTED_COMPLETE']",189445,20000.0,"[70, 53, 53, 53]","['<SOS>', '112', '112', '112']",W_Completeren aanvraag_COMPLETE,0.5618182420730591
12063,"[2, 12, 9, 10]","['<SOS>', 'A_SUBMITTED_COMPLETE', 'A_PARTLYSUBMITTED_COMPLETE', 'A_PREACCEPTED_COMPLETE']",211242,20000.0,"[70, 53, 53, 53]","['<SOS>', '112', '112', '112']",W_Completeren aanvraag_COMPLETE,0.5618182420730591
9203,"[2, 12, 9, 10, 22]","['<SOS>', 'A_SUBMITTED_COMPLETE', 'A_PARTLYSUBMITTED_COMPLETE', 'A_PREACCEPTED_COMPLETE', 'W_Completeren aanvraag_COMPLETE']",202361,20000.0,"[70, 53, 53, 53, 47]","['<SOS>', '112', '112', '112', '11122']",W_Completeren aanvraag_COMPLETE,0.6421733498573303
228,"[2, 12, 9, 10, 22]","['<SOS>', 'A_SUBMITTED_COMPLETE', 'A_PARTLYSUBMITTED_COMPLETE', 'A_PREACCEPTED_COMPLETE', 'W_Completeren aanvraag_COMPLETE']",174397,20000.0,"[70, 53, 53, 53, 48]","['<SOS>', '112', '112', '112', '11169']",W_Completeren aanvraag_COMPLETE,0.6877371072769165
1047,"[2, 12, 9, 10, 22, 22, 22, 22]","['<SOS>', 'A_SUBMITTED_COMPLETE', 'A_PARTLYSUBMITTED_COMPLETE', 'A_PREACCEPTED_COMPLETE', 'W_Completeren aanvraag_COMPLETE', 'W_Completeren aanvraag_COMPLETE', 'W_Completeren aanvraag_COMPLETE', 'W_Completeren aanvraag_COMPLETE']",176975,20000.0,"[70, 53, 53, 53, 71, 22, 51, 71]","['<SOS>', '112', '112', '112', 'UNKNOWN', '10912', '11181', 'UNKNOWN']",W_Completeren aanvraag_COMPLETE,0.673977255821228
6946,"[2, 12, 9, 10, 22]","['<SOS>', 'A_SUBMITTED_COMPLETE', 'A_PARTLYSUBMITTED_COMPLETE', 'A_PREACCEPTED_COMPLETE', 'W_Completeren aanvraag_COMPLETE']",195347,20000.0,"[70, 53, 53, 53, 49]","['<SOS>', '112', '112', '112', '11179']",W_Completeren aanvraag_COMPLETE,0.6685255169868469
11177,"[2, 12, 9, 10, 22, 22, 22, 22, 22, 22, 22, 22]","['<SOS>', 'A_SUBMITTED_COMPLETE', 'A_PARTLYSUBMITTED_COMPLETE', 'A_PREACCEPTED_COMPLETE', 'W_Completeren aanvraag_COMPLETE', 'W_Completeren aanvraag_COMPLETE', 'W_Completeren aanvraag_COMPLETE', 'W_Completeren aanvraag_COMPLETE', 'W_Completeren aanvraag_COMPLETE', 'W_Completeren aanvraag_COMPLETE', 'W_Completeren aanvraag_COMPLETE', 'W_Completeren aanvraag_COMPLETE']",208520,20000.0,"[70, 53, 53, 53, 34, 57, 57, 57, 67, 67, 44, 51]","['<SOS>', '112', '112', '112', '11000', '11203', '11203', '11203', '11319', '11319', '11119', '11181']",W_Completeren aanvraag_COMPLETE,0.9210543036460876
3252,"[2, 12, 9, 10, 20, 22, 22]","['<SOS>', 'A_SUBMITTED_COMPLETE', 'A_PARTLYSUBMITTED_COMPLETE', 'A_PREACCEPTED_COMPLETE', 'W_Afhandelen leads_COMPLETE', 'W_Completeren aanvraag_COMPLETE', 'W_Completeren aanvraag_COMPLETE']",183862,20000.0,"[70, 53, 53, 45, 71, 51, 46]","['<SOS>', '112', '112', '11120', 'UNKNOWN', '11181', '11121']",W_Completeren aanvraag_COMPLETE,0.7152697443962097
5585,"[2, 12, 9, 10]","['<SOS>', 'A_SUBMITTED_COMPLETE', 'A_PARTLYSUBMITTED_COMPLETE', 'A_PREACCEPTED_COMPLETE']",191091,20000.0,"[70, 53, 53, 53]","['<SOS>', '112', '112', '112']",W_Completeren aanvraag_COMPLETE,0.5618182420730591
2927,"[2, 12, 9, 10, 20]","['<SOS>', 'A_SUBMITTED_COMPLETE', 'A_PARTLYSUBMITTED_COMPLETE', 'A_PREACCEPTED_COMPLETE', 'W_Afhandelen leads_COMPLETE']",182843,20000.0,"[70, 53, 53, 56, 71]","['<SOS>', '112', '112', '11202', 'UNKNOWN']",W_Completeren aanvraag_COMPLETE,0.5758641958236694
6515,"[2, 12, 9, 10, 22, 22]","['<SOS>', 'A_SUBMITTED_COMPLETE', 'A_PARTLYSUBMITTED_COMPLETE', 'A_PREACCEPTED_COMPLETE', 'W_Completeren aanvraag_COMPLETE', 'W_Completeren aanvraag_COMPLETE']",193971,20000.0,"[70, 53, 53, 53, 21, 33]","['<SOS>', '112', '112', '112', '10910', '10982']",W_Completeren aanvraag_COMPLETE,0.6605719327926636
760,"[2, 12, 9, 10, 22, 22]","['<SOS>', 'A_SUBMITTED_COMPLETE', 'A_PARTLYSUBMITTED_COMPLETE', 'A_PREACCEPTED_COMPLETE', 'W_Completeren aanvraag_COMPLETE', 'W_Completeren aanvraag_COMPLETE']",176069,20000.0,"[70, 53, 53, 53, 71, 71]","['<SOS>', '112', '112', '112', 'UNKNOWN', 'UNKNOWN']",W_Completeren aanvraag_COMPLETE,0.6157516837120056
12854,"[2, 12, 9, 10, 22, 22, 22, 22]","['<SOS>', 'A_SUBMITTED_COMPLETE', 'A_PARTLYSUBMITTED_COMPLETE', 'A_PREACCEPTED_COMPLETE', 'W_Completeren aanvraag_COMPLETE', 'W_Completeren aanvraag_COMPLETE', 'W_Completeren aanvraag_COMPLETE', 'W_Completeren aanvraag_COMPLETE']",213675,20000.0,"[70, 53, 53, 53, 38, 47, 47, 44]","['<SOS>', '112', '112', '112', '11009', '11122', '11122', '11119']",W_Completeren aanvraag_COMPLETE,0.7380707263946533
7869,"[2, 12, 9, 10, 20, 22, 22, 22, 22, 22, 22, 22, 22]","['<SOS>', 'A_SUBMITTED_COMPLETE', 'A_PARTLYSUBMITTED_COMPLETE', 'A_PREACCEPTED_COMPLETE', 'W_Afhandelen leads_COMPLETE', 'W_Completeren aanvraag_COMPLETE', 'W_Completeren aanvraag_COMPLETE', 'W_Completeren aanvraag_COMPLETE', 'W_Completeren aanvraag_COMPLETE', 'W_Completeren aanvraag_COMPLETE', 'W_Completeren aanvraag_COMPLETE', 'W_Completeren aanvraag_COMPLETE', 'W_Completeren aanvraag_COMPLETE']",198202,20000.0,"[70, 53, 53, 13, 13, 37, 37, 37, 15, 17, 44, 13, 13]","['<SOS>', '112', '112', '10861', '10861', '11003', '11003', '11003', '10863', '10881', '11119', '10861', '10861']",W_Completeren aanvraag_COMPLETE,0.7347887754440308
2084,"[2, 12, 9, 10, 20]","['<SOS>', 'A_SUBMITTED_COMPLETE', 'A_PARTLYSUBMITTED_COMPLETE', 'A_PREACCEPTED_COMPLETE', 'W_Afhandelen leads_COMPLETE']",180265,20000.0,"[70, 53, 53, 20, 20]","['<SOS>', '112', '112', '10909', '10909']",W_Completeren aanvraag_COMPLETE,0.594182014465332
5325,"[2, 12, 9, 10]","['<SOS>', 'A_SUBMITTED_COMPLETE', 'A_PARTLYSUBMITTED_COMPLETE', 'A_PREACCEPTED_COMPLETE']",190279,20000.0,"[70, 53, 53, 53]","['<SOS>', '112', '112', '112']",W_Completeren aanvraag_COMPLETE,0.5618182420730591
3532,"[2, 12, 9, 10, 20, 22, 22]","['<SOS>', 'A_SUBMITTED_COMPLETE', 'A_PARTLYSUBMITTED_COMPLETE', 'A_PREACCEPTED_COMPLETE', 'W_Afhandelen leads_COMPLETE', 'W_Completeren aanvraag_COMPLETE', 'W_Completeren aanvraag_COMPLETE']",184706,20000.0,"[70, 53, 53, 14, 71, 46, 46]","['<SOS>', '112', '112', '10862', 'UNKNOWN', '11121', '11121']",W_Completeren aanvraag_COMPLETE,0.7670015096664429
2054,"[2, 12, 9, 10, 20]","['<SOS>', 'A_SUBMITTED_COMPLETE', 'A_PARTLYSUBMITTED_COMPLETE', 'A_PREACCEPTED_COMPLETE', 'W_Afhandelen leads_COMPLETE']",180175,20000.0,"[70, 53, 53, 33, 33]","['<SOS>', '112', '112', '10982', '10982']",W_Completeren aanvraag_COMPLETE,0.6223128437995911
3606,"[2, 12, 9, 10, 22, 22, 22]","['<SOS>', 'A_SUBMITTED_COMPLETE', 'A_PARTLYSUBMITTED_COMPLETE', 'A_PREACCEPTED_COMPLETE', 'W_Completeren aanvraag_COMPLETE', 'W_Completeren aanvraag_COMPLETE', 'W_Completeren aanvraag_COMPLETE']",184928,20000.0,"[70, 53, 53, 53, 21, 21, 21]","['<SOS>', '112', '112', '112', '10910', '10910', '10910']",W_Completeren aanvraag_COMPLETE,0.7656576633453369
2739,"[2, 12, 9, 10, 20]","['<SOS>', 'A_SUBMITTED_COMPLETE', 'A_PARTLYSUBMITTED_COMPLETE', 'A_PREACCEPTED_COMPLETE', 'W_Afhandelen leads_COMPLETE']",182272,20000.0,"[70, 53, 53, 38, 38]","['<SOS>', '112', '112', '11009', '11009']",W_Completeren aanvraag_COMPLETE,0.6746604442596436
3885,"[2, 12, 9, 10, 22]","['<SOS>', 'A_SUBMITTED_COMPLETE', 'A_PARTLYSUBMITTED_COMPLETE', 'A_PREACCEPTED_COMPLETE', 'W_Completeren aanvraag_COMPLETE']",185801,20000.0,"[70, 53, 53, 53, 71]","['<SOS>', '112', '112', '112', 'UNKNOWN']",W_Completeren aanvraag_COMPLETE,0.6729100942611694
10534,"[2, 12, 9, 10, 22]","['<SOS>', 'A_SUBMITTED_COMPLETE', 'A_PARTLYSUBMITTED_COMPLETE', 'A_PREACCEPTED_COMPLETE', 'W_Completeren aanvraag_COMPLETE']",206519,20000.0,"[70, 53, 53, 53, 71]","['<SOS>', '112', '112', '112', 'UNKNOWN']",W_Completeren aanvraag_COMPLETE,0.6729100942611694
11001,"[2, 12, 9, 10, 22]","['<SOS>', 'A_SUBMITTED_COMPLETE', 'A_PARTLYSUBMITTED_COMPLETE', 'A_PREACCEPTED_COMPLETE', 'W_Completeren aanvraag_COMPLETE']",207978,20000.0,"[70, 53, 53, 53, 57]","['<SOS>', '112', '112', '112', '11203']",W_Completeren aanvraag_COMPLETE,0.5692031979560852
4877,"[2, 12, 9, 10, 22]","['<SOS>', 'A_SUBMITTED_COMPLETE', 'A_PARTLYSUBMITTED_COMPLETE', 'A_PREACCEPTED_COMPLETE', 'W_Completeren aanvraag_COMPLETE']",188902,20000.0,"[70, 53, 53, 53, 30]","['<SOS>', '112', '112', '112', '10939']",W_Completeren aanvraag_COMPLETE,0.6072261333465576
0,"[2, 12, 9, 10]","['<SOS>', 'A_SUBMITTED_COMPLETE', 'A_PARTLYSUBMITTED_COMPLETE', 'A_PREACCEPTED_COMPLETE']",173688,20000.0,"[70, 53, 53, 53]","['<SOS>', '112', '112', '112']",W_Completeren aanvraag_COMPLETE,0.5618182420730591
8568,"[2, 12, 9, 10, 20]","['<SOS>', 'A_SUBMITTED_COMPLETE', 'A_PARTLYSUBMITTED_COMPLETE', 'A_PREACCEPTED_COMPLETE', 'W_Afhandelen leads_COMPLETE']",200359,20000.0,"[70, 53, 53, 47, 47]","['<SOS>', '112', '112', '11122', '11122']",W_Completeren aanvraag_COMPLETE,0.5290446281433105
9855,"[2, 12, 9, 10, 22]","['<SOS>', 'A_SUBMITTED_COMPLETE', 'A_PARTLYSUBMITTED_COMPLETE', 'A_PREACCEPTED_COMPLETE', 'W_Completeren aanvraag_COMPLETE']",204409,20000.0,"[70, 53, 53, 53, 51]","['<SOS>', '112', '112', '112', '11181']",W_Completeren aanvraag_COMPLETE,0.7297942638397217
1985,"[2, 12, 9, 10]","['<SOS>', 'A_SUBMITTED_COMPLETE', 'A_PARTLYSUBMITTED_COMPLETE', 'A_PREACCEPTED_COMPLETE']",179944,20000.0,"[70, 53, 53, 53]","['<SOS>', '112', '112', '112']",W_Completeren aanvraag_COMPLETE,0.5618182420730591
6529,"[2, 12, 9, 10]","['<SOS>', 'A_SUBMITTED_COMPLETE', 'A_PARTLYSUBMITTED_COMPLETE', 'A_PREACCEPTED_COMPLETE']",194013,20000.0,"[70, 53, 53, 53]","['<SOS>', '112', '112', '112']",W_Completeren aanvraag_COMPLETE,0.5618182420730591
5163,"[2, 12, 9, 10]","['<SOS>', 'A_SUBMITTED_COMPLETE', 'A_PARTLYSUBMITTED_COMPLETE', 'A_PREACCEPTED_COMPLETE']",189772,20000.0,"[70, 53, 53, 53]","['<SOS>', '112', '112', '112']",W_Completeren aanvraag_COMPLETE,0.5618182420730591
2191,"[2, 12, 9, 10, 22, 22]","['<SOS>', 'A_SUBMITTED_COMPLETE', 'A_PARTLYSUBMITTED_COMPLETE', 'A_PREACCEPTED_COMPLETE', 'W_Completeren aanvraag_COMPLETE', 'W_Completeren aanvraag_COMPLETE']",180595,20000.0,"[70, 53, 53, 53, 71, 51]","['<SOS>', '112', '112', '112', 'UNKNOWN', '11181']",W_Completeren aanvraag_COMPLETE,0.712049663066864
847,"[2, 12, 9, 10]","['<SOS>', 'A_SUBMITTED_COMPLETE', 'A_PARTLYSUBMITTED_COMPLETE', 'A_PREACCEPTED_COMPLETE']",176345,20000.0,"[70, 53, 53, 53]","['<SOS>', '112', '112', '112']",W_Completeren aanvraag_COMPLETE,0.5618182420730591
9009,"[2, 12, 9, 10]","['<SOS>', 'A_SUBMITTED_COMPLETE', 'A_PARTLYSUBMITTED_COMPLETE', 'A_PREACCEPTED_COMPLETE']",201755,20000.0,"[70, 53, 53, 53]","['<SOS>', '112', '112', '112']",W_Completeren aanvraag_COMPLETE,0.5618182420730591
652,"[2, 12, 9, 10, 22]","['<SOS>', 'A_SUBMITTED_COMPLETE', 'A_PARTLYSUBMITTED_COMPLETE', 'A_PREACCEPTED_COMPLETE', 'W_Completeren aanvraag_COMPLETE']",175735,20000.0,"[70, 53, 53, 53, 71]","['<SOS>', '112', '112', '112', 'UNKNOWN']",W_Completeren aanvraag_COMPLETE,0.6729100942611694
9246,"[2, 12, 9, 10]","['<SOS>', 'A_SUBMITTED_COMPLETE', 'A_PARTLYSUBMITTED_COMPLETE', 'A_PREACCEPTED_COMPLETE']",202518,20000.0,"[70, 53, 53, 53]","['<SOS>', '112', '112', '112']",W_Completeren aanvraag_COMPLETE,0.5618182420730591
1455,"[2, 12, 9, 10]","['<SOS>', 'A_SUBMITTED_COMPLETE', 'A_PARTLYSUBMITTED_COMPLETE', 'A_PREACCEPTED_COMPLETE']",178263,20000.0,"[70, 53, 53, 53]","['<SOS>', '112', '112', '112']",W_Completeren aanvraag_COMPLETE,0.5618182420730591
4716,"[2, 12, 9, 10]","['<SOS>', 'A_SUBMITTED_COMPLETE', 'A_PARTLYSUBMITTED_COMPLETE', 'A_PREACCEPTED_COMPLETE']",188368,20000.0,"[70, 53, 53, 53]","['<SOS>', '112', '112', '112']",W_Completeren aanvraag_COMPLETE,0.5618182420730591
1358,"[2, 12, 9, 10, 22, 22, 22]","['<SOS>', 'A_SUBMITTED_COMPLETE', 'A_PARTLYSUBMITTED_COMPLETE', 'A_PREACCEPTED_COMPLETE', 'W_Completeren aanvraag_COMPLETE', 'W_Completeren aanvraag_COMPLETE', 'W_Completeren aanvraag_COMPLETE']",177953,20000.0,"[70, 53, 53, 53, 49, 50, 71]","['<SOS>', '112', '112', '112', '11179', '11180', 'UNKNOWN']",W_Completeren aanvraag_COMPLETE,0.6804662942886353
6927,"[2, 12, 9, 10, 20, 22]","['<SOS>', 'A_SUBMITTED_COMPLETE', 'A_PARTLYSUBMITTED_COMPLETE', 'A_PREACCEPTED_COMPLETE', 'W_Afhandelen leads_COMPLETE', 'W_Completeren aanvraag_COMPLETE']",195277,20000.0,"[70, 53, 53, 21, 21, 55]","['<SOS>', '112', '112', '10910', '10910', '11201']",W_Completeren aanvraag_COMPLETE,0.8004022240638733
543,"[2, 12, 9, 10]","['<SOS>', 'A_SUBMITTED_COMPLETE', 'A_PARTLYSUBMITTED_COMPLETE', 'A_PREACCEPTED_COMPLETE']",175392,20000.0,"[70, 53, 53, 53]","['<SOS>', '112', '112', '112']",W_Completeren aanvraag_COMPLETE,0.5618182420730591
100,"[2, 12, 9, 10, 20]","['<SOS>', 'A_SUBMITTED_COMPLETE', 'A_PARTLYSUBMITTED_COMPLETE', 'A_PREACCEPTED_COMPLETE', 'W_Afhandelen leads_COMPLETE']",174000,20000.0,"[70, 53, 53, 31, 71]","['<SOS>', '112', '112', '10971', 'UNKNOWN']",W_Completeren aanvraag_COMPLETE,0.5609485507011414
5713,"[2, 12, 9, 10]","['<SOS>', 'A_SUBMITTED_COMPLETE', 'A_PARTLYSUBMITTED_COMPLETE', 'A_PREACCEPTED_COMPLETE']",191485,20000.0,"[70, 53, 53, 53]","['<SOS>', '112', '112', '112']",W_Completeren aanvraag_COMPLETE,0.5618182420730591
6017,"[2, 12, 9, 10]","['<SOS>', 'A_SUBMITTED_COMPLETE', 'A_PARTLYSUBMITTED_COMPLETE', 'A_PREACCEPTED_COMPLETE']",192440,20000.0,"[70, 53, 53, 53]","['<SOS>', '112', '112', '112']",W_Completeren aanvraag_COMPLETE,0.5618182420730591
2495,"[2, 12, 9, 10]","['<SOS>', 'A_SUBMITTED_COMPLETE', 'A_PARTLYSUBMITTED_COMPLETE', 'A_PREACCEPTED_COMPLETE']",181523,20000.0,"[70, 53, 53, 53]","['<SOS>', '112', '112', '112']",W_Completeren aanvraag_COMPLETE,0.5618182420730591
10879,"[2, 12, 9, 10, 22]","['<SOS>', 'A_SUBMITTED_COMPLETE', 'A_PARTLYSUBMITTED_COMPLETE', 'A_PREACCEPTED_COMPLETE', 'W_Completeren aanvraag_COMPLETE']",207605,20000.0,"[70, 53, 53, 53, 57]","['<SOS>', '112', '112', '112', '11203']",W_Completeren aanvraag_COMPLETE,0.5692031979560852
1803,"[2, 12, 9, 10]","['<SOS>', 'A_SUBMITTED_COMPLETE', 'A_PARTLYSUBMITTED_COMPLETE', 'A_PREACCEPTED_COMPLETE']",179372,20000.0,"[70, 53, 53, 53]","['<SOS>', '112', '112', '112']",W_Completeren aanvraag_COMPLETE,0.5618182420730591
6413,"[2, 12, 9, 10]","['<SOS>', 'A_SUBMITTED_COMPLETE', 'A_PARTLYSUBMITTED_COMPLETE', 'A_PREACCEPTED_COMPLETE']",193647,20000.0,"[70, 53, 53, 53]","['<SOS>', '112', '112', '112']",W_Completeren aanvraag_COMPLETE,0.5618182420730591
10661,"[2, 12, 9, 10]","['<SOS>', 'A_SUBMITTED_COMPLETE', 'A_PARTLYSUBMITTED_COMPLETE', 'A_PREACCEPTED_COMPLETE']",206904,20000.0,"[70, 53, 53, 53]","['<SOS>', '112', '112', '112']",W_Completeren aanvraag_COMPLETE,0.5618182420730591
540,"[2, 12, 9, 10]","['<SOS>', 'A_SUBMITTED_COMPLETE', 'A_PARTLYSUBMITTED_COMPLETE', 'A_PREACCEPTED_COMPLETE']",175383,20000.0,"[70, 53, 53, 53]","['<SOS>', '112', '112', '112']",W_Completeren aanvraag_COMPLETE,0.5618182420730591
6451,"[2, 12, 9, 10, 22]","['<SOS>', 'A_SUBMITTED_COMPLETE', 'A_PARTLYSUBMITTED_COMPLETE', 'A_PREACCEPTED_COMPLETE', 'W_Completeren aanvraag_COMPLETE']",193762,20000.0,"[70, 53, 53, 53, 50]","['<SOS>', '112', '112', '112', '11180']",W_Completeren aanvraag_COMPLETE,0.6865388751029968
9063,"[2, 12, 9, 10]","['<SOS>', 'A_SUBMITTED_COMPLETE', 'A_PARTLYSUBMITTED_COMPLETE', 'A_PREACCEPTED_COMPLETE']",201936,20000.0,"[70, 53, 53, 53]","['<SOS>', '112', '112', '112']",W_Completeren aanvraag_COMPLETE,0.5618182420730591
2849,"[2, 12, 9, 10]","['<SOS>', 'A_SUBMITTED_COMPLETE', 'A_PARTLYSUBMITTED_COMPLETE', 'A_PREACCEPTED_COMPLETE']",182602,20000.0,"[70, 53, 53, 53]","['<SOS>', '112', '112', '112']",W_Completeren aanvraag_COMPLETE,0.5618182420730591
4136,"[2, 12, 9, 10, 20]","['<SOS>', 'A_SUBMITTED_COMPLETE', 'A_PARTLYSUBMITTED_COMPLETE', 'A_PREACCEPTED_COMPLETE', 'W_Afhandelen leads_COMPLETE']",186574,20000.0,"[70, 53, 53, 44, 44]","['<SOS>', '112', '112', '11119', '11119']",W_Completeren aanvraag_COMPLETE,0.6122745871543884
12202,"[2, 12, 9, 10, 22, 22]","['<SOS>', 'A_SUBMITTED_COMPLETE', 'A_PARTLYSUBMITTED_COMPLETE', 'A_PREACCEPTED_COMPLETE', 'W_Completeren aanvraag_COMPLETE', 'W_Completeren aanvraag_COMPLETE']",211670,20000.0,"[70, 53, 53, 53, 37, 37]","['<SOS>', '112', '112', '112', '11003', '11003']",W_Completeren aanvraag_COMPLETE,0.6518575549125671
3573,"[2, 12, 9, 10, 22, 22, 22, 22, 22]","['<SOS>', 'A_SUBMITTED_COMPLETE', 'A_PARTLYSUBMITTED_COMPLETE', 'A_PREACCEPTED_COMPLETE', 'W_Completeren aanvraag_COMPLETE', 'W_Completeren aanvraag_COMPLETE', 'W_Completeren aanvraag_COMPLETE', 'W_Completeren aanvraag_COMPLETE', 'W_Completeren aanvraag_COMPLETE']",184829,20000.0,"[70, 53, 53, 53, 38, 50, 51, 51, 55]","['<SOS>', '112', '112', '112', '11009', '11180', '11181', '11181', '11201']",W_Completeren aanvraag_COMPLETE,0.8606717586517334
8868,"[2, 12, 9, 10, 20]","['<SOS>', 'A_SUBMITTED_COMPLETE', 'A_PARTLYSUBMITTED_COMPLETE', 'A_PREACCEPTED_COMPLETE', 'W_Afhandelen leads_COMPLETE']",201316,20000.0,"[70, 53, 53, 21, 21]","['<SOS>', '112', '112', '10910', '10910']",W_Completeren aanvraag_COMPLETE,0.6390384435653687
2977,"[2, 12, 9, 10]","['<SOS>', 'A_SUBMITTED_COMPLETE', 'A_PARTLYSUBMITTED_COMPLETE', 'A_PREACCEPTED_COMPLETE']",182993,20000.0,"[70, 53, 53, 53]","['<SOS>', '112', '112', '112']",W_Completeren aanvraag_COMPLETE,0.5618182420730591
11983,"[2, 12, 9, 10, 22, 22]","['<SOS>', 'A_SUBMITTED_COMPLETE', 'A_PARTLYSUBMITTED_COMPLETE', 'A_PREACCEPTED_COMPLETE', 'W_Completeren aanvraag_COMPLETE', 'W_Completeren aanvraag_COMPLETE']",211002,20000.0,"[70, 53, 53, 53, 20, 64]","['<SOS>', '112', '112', '112', '10909', '11302']",W_Completeren aanvraag_COMPLETE,0.7841764092445374
10560,"[2, 12, 9, 10, 22, 22, 22]","['<SOS>', 'A_SUBMITTED_COMPLETE', 'A_PARTLYSUBMITTED_COMPLETE', 'A_PREACCEPTED_COMPLETE', 'W_Completeren aanvraag_COMPLETE', 'W_Completeren aanvraag_COMPLETE', 'W_Completeren aanvraag_COMPLETE']",206597,20000.0,"[70, 53, 53, 53, 50, 50, 33]","['<SOS>', '112', '112', '112', '11180', '11180', '10982']",W_Completeren aanvraag_COMPLETE,0.7426536679267883
2434,"[2, 12, 9, 10]","['<SOS>', 'A_SUBMITTED_COMPLETE', 'A_PARTLYSUBMITTED_COMPLETE', 'A_PREACCEPTED_COMPLETE']",181333,20000.0,"[70, 53, 53, 53]","['<SOS>', '112', '112', '112']",W_Completeren aanvraag_COMPLETE,0.5618182420730591
2099,"[2, 12, 9, 10]","['<SOS>', 'A_SUBMITTED_COMPLETE', 'A_PARTLYSUBMITTED_COMPLETE', 'A_PREACCEPTED_COMPLETE']",180310,20000.0,"[70, 53, 53, 53]","['<SOS>', '112', '112', '112']",W_Completeren aanvraag_COMPLETE,0.5618182420730591
12713,"[2, 12, 9, 10, 22]","['<SOS>', 'A_SUBMITTED_COMPLETE', 'A_PARTLYSUBMITTED_COMPLETE', 'A_PREACCEPTED_COMPLETE', 'W_Completeren aanvraag_COMPLETE']",213231,20000.0,"[70, 53, 53, 53, 38]","['<SOS>', '112', '112', '112', '11009']",W_Completeren aanvraag_COMPLETE,0.6783526539802551
11830,"[2, 12, 9, 10]","['<SOS>', 'A_SUBMITTED_COMPLETE', 'A_PARTLYSUBMITTED_COMPLETE', 'A_PREACCEPTED_COMPLETE']",210539,20000.0,"[70, 53, 53, 53]","['<SOS>', '112', '112', '112']",W_Completeren aanvraag_COMPLETE,0.5618182420730591
5348,"[2, 12, 9, 10]","['<SOS>', 'A_SUBMITTED_COMPLETE', 'A_PARTLYSUBMITTED_COMPLETE', 'A_PREACCEPTED_COMPLETE']",190372,20000.0,"[70, 53, 53, 53]","['<SOS>', '112', '112', '112']",W_Completeren aanvraag_COMPLETE,0.5618182420730591
11120,"[2, 12, 9, 10, 20]","['<SOS>', 'A_SUBMITTED_COMPLETE', 'A_PARTLYSUBMITTED_COMPLETE', 'A_PREACCEPTED_COMPLETE', 'W_Afhandelen leads_COMPLETE']",208349,20000.0,"[70, 53, 53, 18, 18]","['<SOS>', '112', '112', '10889', '10889']",W_Completeren aanvraag_COMPLETE,0.5895491242408752
3803,"[2, 12, 9, 10, 22]","['<SOS>', 'A_SUBMITTED_COMPLETE', 'A_PARTLYSUBMITTED_COMPLETE', 'A_PREACCEPTED_COMPLETE', 'W_Completeren aanvraag_COMPLETE']",185548,20000.0,"[70, 53, 53, 53, 52]","['<SOS>', '112', '112', '112', '11189']",W_Completeren aanvraag_COMPLETE,0.6515944600105286
8961,"[2, 12, 9, 10, 20]","['<SOS>', 'A_SUBMITTED_COMPLETE', 'A_PARTLYSUBMITTED_COMPLETE', 'A_PREACCEPTED_COMPLETE', 'W_Afhandelen leads_COMPLETE']",201611,20000.0,"[70, 53, 53, 21, 21]","['<SOS>', '112', '112', '10910', '10910']",W_Completeren aanvraag_COMPLETE,0.6390384435653687
8410,"[2, 12, 9, 10, 22]","['<SOS>', 'A_SUBMITTED_COMPLETE', 'A_PARTLYSUBMITTED_COMPLETE', 'A_PREACCEPTED_COMPLETE', 'W_Completeren aanvraag_COMPLETE']",199866,20000.0,"[70, 53, 53, 53, 44]","['<SOS>', '112', '112', '112', '11119']",W_Completeren aanvraag_COMPLETE,0.6551535725593567
10227,"[2, 12, 9, 10, 20, 22, 22, 22, 22, 22, 22, 22, 22, 22, 22, 22, 22, 22]","['<SOS>', 'A_SUBMITTED_COMPLETE', 'A_PARTLYSUBMITTED_COMPLETE', 'A_PREACCEPTED_COMPLETE', 'W_Afhandelen leads_COMPLETE', 'W_Completeren aanvraag_COMPLETE', 'W_Completeren aanvraag_COMPLETE', 'W_Completeren aanvraag_COMPLETE', 'W_Completeren aanvraag_COMPLETE', 'W_Completeren aanvraag_COMPLETE', 'W_Completeren aanvraag_COMPLETE', 'W_Completeren aanvraag_COMPLETE', 'W_Completeren aanvraag_COMPLETE', 'W_Completeren aanvraag_COMPLETE', 'W_Completeren aanvraag_COMPLETE', 'W_Completeren aanvraag_COMPLETE', 'W_Completeren aanvraag_COMPLETE', 'W_Completeren aanvraag_COMPLETE']",205568,20000.0,"[70, 53, 53, 34, 34, 49, 28, 28, 28, 28, 44, 23, 55, 37, 71, 49, 27, 27]","['<SOS>', '112', '112', '11000', '11000', '11179', '10933', '10933', '10933', '10933', '11119', '10913', '11201', '11003', 'UNKNOWN', '11179', '10932', '10932']",W_Completeren aanvraag_COMPLETE,0.7889648675918579
11189,"[2, 12, 9, 10, 20]","['<SOS>', 'A_SUBMITTED_COMPLETE', 'A_PARTLYSUBMITTED_COMPLETE', 'A_PREACCEPTED_COMPLETE', 'W_Afhandelen leads_COMPLETE']",208556,20000.0,"[70, 53, 53, 34, 34]","['<SOS>', '112', '112', '11000', '11000']",W_Completeren aanvraag_COMPLETE,0.5717055797576904
10531,"[2, 12, 9, 10, 20, 22, 22, 22]","['<SOS>', 'A_SUBMITTED_COMPLETE', 'A_PARTLYSUBMITTED_COMPLETE', 'A_PREACCEPTED_COMPLETE', 'W_Afhandelen leads_COMPLETE', 'W_Completeren aanvraag_COMPLETE', 'W_Completeren aanvraag_COMPLETE', 'W_Completeren aanvraag_COMPLETE']",206510,20000.0,"[70, 53, 53, 49, 49, 51, 17, 33]","['<SOS>', '112', '112', '11179', '11179', '11181', '10881', '10982']",W_Completeren aanvraag_COMPLETE,0.6720079183578491
11444,"[2, 12, 9, 10, 20]","['<SOS>', 'A_SUBMITTED_COMPLETE', 'A_PARTLYSUBMITTED_COMPLETE', 'A_PREACCEPTED_COMPLETE', 'W_Afhandelen leads_COMPLETE']",209323,20000.0,"[70, 53, 53, 50, 50]","['<SOS>', '112', '112', '11180', '11180']",W_Completeren aanvraag_COMPLETE,0.5963344573974609
6034,"[2, 12, 9, 10, 22, 22, 22, 22]","['<SOS>', 'A_SUBMITTED_COMPLETE', 'A_PARTLYSUBMITTED_COMPLETE', 'A_PREACCEPTED_COMPLETE', 'W_Completeren aanvraag_COMPLETE', 'W_Completeren aanvraag_COMPLETE', 'W_Completeren aanvraag_COMPLETE', 'W_Completeren aanvraag_COMPLETE']",192491,20000.0,"[70, 53, 53, 53, 22, 71, 33, 55]","['<SOS>', '112', '112', '112', '10912', 'UNKNOWN', '10982', '11201']",W_Completeren aanvraag_COMPLETE,0.8323094248771667
6356,"[2, 12, 9, 10, 22]","['<SOS>', 'A_SUBMITTED_COMPLETE', 'A_PARTLYSUBMITTED_COMPLETE', 'A_PREACCEPTED_COMPLETE', 'W_Completeren aanvraag_COMPLETE']",193476,20000.0,"[70, 53, 53, 53, 49]","['<SOS>', '112', '112', '112', '11179']",W_Completeren aanvraag_COMPLETE,0.6685255169868469
11440,"[2, 12, 9, 10, 20, 22]","['<SOS>', 'A_SUBMITTED_COMPLETE', 'A_PARTLYSUBMITTED_COMPLETE', 'A_PREACCEPTED_COMPLETE', 'W_Afhandelen leads_COMPLETE', 'W_Completeren aanvraag_COMPLETE']",209311,20000.0,"[70, 53, 53, 33, 33, 18]","['<SOS>', '112', '112', '10982', '10982', '10889']",W_Completeren aanvraag_COMPLETE,0.6375795602798462
4170,"[2, 12, 9, 10, 22]","['<SOS>', 'A_SUBMITTED_COMPLETE', 'A_PARTLYSUBMITTED_COMPLETE', 'A_PREACCEPTED_COMPLETE', 'W_Completeren aanvraag_COMPLETE']",186676,20000.0,"[70, 53, 53, 53, 30]","['<SOS>', '112', '112', '112', '10939']",W_Completeren aanvraag_COMPLETE,0.6072261333465576
8062,"[2, 12, 9, 10, 22, 22, 22, 22]","['<SOS>', 'A_SUBMITTED_COMPLETE', 'A_PARTLYSUBMITTED_COMPLETE', 'A_PREACCEPTED_COMPLETE', 'W_Completeren aanvraag_COMPLETE', 'W_Completeren aanvraag_COMPLETE', 'W_Completeren aanvraag_COMPLETE', 'W_Completeren aanvraag_COMPLETE']",198792,20000.0,"[70, 53, 53, 53, 25, 20, 49, 15]","['<SOS>', '112', '112', '112', '10929', '10909', '11179', '10863']",W_Completeren aanvraag_COMPLETE,0.8587705492973328
10451,"[2, 12, 9, 10]","['<SOS>', 'A_SUBMITTED_COMPLETE', 'A_PARTLYSUBMITTED_COMPLETE', 'A_PREACCEPTED_COMPLETE']",206270,20000.0,"[70, 53, 53, 53]","['<SOS>', '112', '112', '112']",W_Completeren aanvraag_COMPLETE,0.5618182420730591
2674,"[2, 12, 9, 10]","['<SOS>', 'A_SUBMITTED_COMPLETE', 'A_PARTLYSUBMITTED_COMPLETE', 'A_PREACCEPTED_COMPLETE']",182074,20000.0,"[70, 53, 53, 53]","['<SOS>', '112', '112', '112']",W_Completeren aanvraag_COMPLETE,0.5618182420730591
1149,"[2, 12, 9, 10, 22]","['<SOS>', 'A_SUBMITTED_COMPLETE', 'A_PARTLYSUBMITTED_COMPLETE', 'A_PREACCEPTED_COMPLETE', 'W_Completeren aanvraag_COMPLETE']",177299,20000.0,"[70, 53, 53, 53, 55]","['<SOS>', '112', '112', '112', '11201']",W_Completeren aanvraag_COMPLETE,0.6583795547485352
11347,"[2, 12, 9, 10]","['<SOS>', 'A_SUBMITTED_COMPLETE', 'A_PARTLYSUBMITTED_COMPLETE', 'A_PREACCEPTED_COMPLETE']",209030,20000.0,"[70, 53, 53, 53]","['<SOS>', '112', '112', '112']",W_Completeren aanvraag_COMPLETE,0.5618182420730591
10573,"[2, 12, 9, 10]","['<SOS>', 'A_SUBMITTED_COMPLETE', 'A_PARTLYSUBMITTED_COMPLETE', 'A_PREACCEPTED_COMPLETE']",206636,20000.0,"[70, 53, 53, 53]","['<SOS>', '112', '112', '112']",W_Completeren aanvraag_COMPLETE,0.5618182420730591
2760,"[2, 12, 9, 10]","['<SOS>', 'A_SUBMITTED_COMPLETE', 'A_PARTLYSUBMITTED_COMPLETE', 'A_PREACCEPTED_COMPLETE']",182335,20000.0,"[70, 53, 53, 53]","['<SOS>', '112', '112', '112']",W_Completeren aanvraag_COMPLETE,0.5618182420730591
11382,"[2, 12, 9, 10, 22, 22]","['<SOS>', 'A_SUBMITTED_COMPLETE', 'A_PARTLYSUBMITTED_COMPLETE', 'A_PREACCEPTED_COMPLETE', 'W_Completeren aanvraag_COMPLETE', 'W_Completeren aanvraag_COMPLETE']",209135,20000.0,"[70, 53, 53, 53, 57, 47]","['<SOS>', '112', '112', '112', '11203', '11122']",W_Completeren aanvraag_COMPLETE,0.634170651435852
